"post","tema"
"Za sve one koji imaju psa, one koji bi voleli da ga imaju i za sve one koji jednostavno vole pse.
Koja vam je omiljena rasa, kakve pse volite, kako se ophodite prema njemu?
Ja lično najviše volim pse iz 2. FCI grupe, a nekako najomiljeniji mi je bulmastif, mada uopšteno volim velike i masivne pse.

http://bestnew-pet.com/wp-content/uploads/2011/04/0914.jpg
http://animal-world.com/dogs/Working-Dog-Breeds/images/BullmastiffWDW__Ap6D.jpg
http://www.greatdogsite.com/admin/uploaded_files/1190778399bullmastiff.jpg","priroda"
"Ne volim ih preterano.
Imam mesanca od 2002.","priroda"
"najviše volim haskije, imao sam čak jednog, i to sa pedigreom.","priroda"
"ja sam imao mešanca haskija, al dosta je povukla baš na kevu haskija...majko mila što je to volelo da kopa po dvorištu","priroda"
"Имао сам до прекјуче у стану Мопса, имао је 4 мјесеца... Тата га је водио у парк и кад се враћао истргао му се из руку и искочио на улицу, клепило га ауто и на мјесто мртав остаде.... :(
А овамо на селу имам неку џукелицу малу што ми цијепа папире пред врата и доноси све и свашта, е то је већ говече лудо...

Највише волим златне ретривере, мада и шарпланинце, имао сам једног, скроз бијелог","priroda"
"Тата га је водио у парк и кад се враћао истргао му се из руку и искочио на улицу, клепило га ауто и на мјесто мртав остаде.... :(

Jes, pa nije ćale klinka od 4 godine pa da se ker istrgne, i to još tako mali. Ubio ti je ćale kera :)","priroda"
"Имам 'ваког.
http://www.justdogbreeds.com/images/breeds/bernese-mountain-dog.jpg

Мада не волем велике керове, нит' дугодлаке. А напуцане џукеле типа питбул и стафорд су ми шабанерија жешћа. Птичари су ми вероватно омиљени, 'вако нешто

http://www.dogs-central.com/dog-breeds/images/german-shorthaired-pointer/german-shorthaired-pointer_image2.jpg","priroda"
"Јес' убио га је, а добили смо га прије мјесец дана, није то џукела па да га само убије :)
Држао га је лагано, јер је мирна била, само се помами кад ја дођем и почне да скаче по кући од среће :)","priroda"
"Ja bih vol'o dimam mastifa, samo što valja to hraniti.","priroda"
"Volim svakakve nekakve, recimo rot mi je prelep, a volim i mesance. Nemam cetvoronogog drugara, nemam dovoljno dobre uslove za tako nesto, a kad nekada budem imala usvojicu nekog mesanca.","priroda"
"Ja obožavam mastife i sve molose uopšteno, al jbg u stanu sam nekako ne ide  tolku kerusinu mučiti u stanu. A i mešančine su kul isto, nema kompleksa","priroda"
"http://www.nestao.com/wp-content/uploads/5085/PICT0046.JPG   ovo sam skinuo sa neta pošto nemam sliku psa u kompu, mešavina jazavičara, pinča, čivave, vidjao sam takve pse i ovde u NS i u Austriji jer je navodno nešto tako austrijski pinč mada ja nisam baš nešto siguran. Našao sam štene ženkicu kad je bila baš jako mala na ulici i stavio je u jaknu i odneo kući jer napolju je bilo jedno minus deset celzijusa. Kontao sam da se ne smrzne i ne ugine a uslove za držanje psa nisam ni imao i hteo sam nekom da je poklonim. Ostala je sa mnom 14 godina, neverovatno inteligentna i odana, kad je uginula bio sam u depresiji par meseci, užas jedan.","priroda"
"ja imam detomesecnu zenku patuljaste francuske aprikot pudle i trenutno brata rodjenog volim vise od nje. Pametnijeg psa nema, samo sto ne progovori. Za par dana je ukapirala da trazi da ide napolje u wc,da sedne na komandu i ostavi nesto sto ne sme da dira...jedino sto sam je strasno razmazila, spava sa nama u krevetu, upisa se od srece kad dodjemo kuci, u wc kad idem redovno mi grebe vrata da udje i sl...ludo kuce sto gradi...","priroda"
"http://netoglasi.org/images/1534_2009031347.jpg
Inače ja imam mačku. Kerovi su za žene i muškarce sa ženskim egom, kera je tako lako kontrolisati, malo povisiš ton i on odmah spusti repić i uši i sagne se i blajvne ga dobro. Dok za porodicu Felidae treba mnogo više truda , mačku moraš shvatiti da bi stekao njeno poverenje, dok je ker tupav i  rođen da bude tupav i služi. Ker nije najbolji čovekov prijatelj zato što bi se prodao za mangulicu !","priroda"
"Ne lupaj BeboP, majke ti.","priroda"
"moj pas :
http://a6.sphotos.ak.fbcdn.net/hphotos-ak-snc6/182480_10150101149042800_665742799_6523659_7188173_n.jpg
 omiljena rasa:
http://mojpas.rs/images/stories/sve-rase/fci-2/nemacka%20doga2.jpg
nemačka doga

volim velike pse.","priroda"
"Ne lupaj BeboP, majke ti.

Nisam li pomenuo da osobe koje su neodlučne vole kerove, tako i ti Elvis, zašto si obrisao prošli komentar ?","priroda"
"Zato što je bezobrazan i predstavlja generalisanje i to netačno. Mislim da je sasvim dovoljan razlog da ga obrišem a ne neodlučnost.","priroda"
"NIje bezobrazan ali generalisanje jeste , i to naučno potkrepljeno i dokazano, ne vidim ništa loše u tome !","priroda"
"bebope,imaš i temu mačke,pa kači persijanerku tamo.
ja imah i jedno i drugo,više volim mačke,ovo mi je prvi pas,
ali ne spemuj i ne izvodi jednosmerne zaključke o ljudima koji 
više vole pse,jer to ne pije vodu nikako.","priroda"
"Ja ne spemujem nego samo iznosim mišljenje, pošto sam imao dosta loših iskustava sa osobama koje vole kerove, ali hvala Bogu imao sam sreće da upoznam ljude sa drugačijim, moralnijim razmišljanjem. I manite me tog paorskog slenga ""ne pije vodu"".","priroda"
"spemuješ,kao što rekoh-imaš temu mačke,pa tamo ih veličaj.
to bi bilo isto kao kad bi neko rekao da ima loša iskustva isključivo sa 
horoskopskim znakom - bik npr. i kako je to znak nižeg reda...
vidim da ti znaš gde zeka pije vodu,ups,mačka.","priroda"
"ovo mi deluje interesantno u pitanju je majmunoliko pinc

http://t2.gstatic.com/images?q=tbn:ANd9GcQ6Wtb6aVgh3Ge6S23hk6rXkJeEGQsJc8Q-xMQpCpkGDq6dKV4dWg

mada ipak sve svoje glasove dajem njemu

http://mojpas.rs/images/stories/sve-rase/fci-5/cau%20cau.jpg","priroda"
"pa tamo ih veličaj.

Ja nikoga ne veličam, zapamti to dobro. Neću se ponavljati, tvoja arogancija i gordost me vređaju, zato ću se povući. 
Žene, emancipacija je kao kada vakcinišeš kera.","priroda"
"Ove dve rase isto jako volim iako 95% se zgrozi kad ih vidi....dobro, i nisu nešto mnogo popularni i masovni kao retriveri i stafordi i tako to, pa ih retko ko i sreće: 

Napuljski mastif
http://upload.wikimedia.org/wikipedia/en/1/15/Neapolitan_Mastiff_Male_Head.JPG
http://www.canadogs.com/images/NeapolMastiffadult2.jpg
http://www.ironstone.net/images/dog8.gif

i, Bulterijer, koji je posebno omražen...bezrazložno, samo jer ima netipičnu glavu i odma izgleda odvratno nekima, al inače je mnogo zabavan pas

http://petcaretips.net/bull_terrier.jpg
http://www.todopets.com/razas_perros/imagenes/bullterrier01.jpg
http://www.puppyparadise.com/images/Breeds/Bull-terrier_adulte_AT_pf.jpg","priroda"
"@ bebop - rekoh sve što sam imala, nit' nadmeno, nit' arogantno, već u skladu sa tvojim postom. a, ako već postoji tema mačke, ne vidim razlog zašto bi je kačio na temu - kinologija i izvodio nebulozne zaključke o ljudima koji više vole pse.","priroda"
"Imao staforda od 2000. kad sam ga video na izložbi. Nisam ni znao koja je rasa, i u to doba u mom gradu su bila dva staforda, mnogo pre nego što su se klinci naložili na njih gledajući gengsta spotove. Uginuo mi pre dve godine. Uskoro uzimam takodje staforda, od tri godine. Eve ga taj stari

http://i51.tinypic.com/5yvl2e.jpg

a evo ga i novi

http://i55.tinypic.com/2igf3ap.jpg

Doberman i vučjak mi se takodje svidjaju..","priroda"
"A što uzimaš već odraslog psa?
Strašno kako preterana populizacija može da uništi jednu rasu, eto čist primer su stafordi trenutno...više ne možeš da vidiš skoro čistokrvnog staforda zato što su klinci toliko pomamljeni da ih uzimaju, i onda snalažljivi prodavci mešaju sve i svašta i neupućenim klincima prodaju to pod staforde","priroda"
"sećam se staforda jednog još iz devedeset i neke,moja drugarica je imala mužjaka,bež,ogroman je bio,stalno su ga vodili na izložbe.
jako miroljubiv igrali se sa njim,gnjavili ga.

EDIT: isto mislim da bi trebalo da pas odraste uz tebe,tj. da uzmeš štene, ne odraslog psa.","priroda"
"Srna volim te <3","priroda"
"Drug se oženio, a ima 5 pasa kod keve, pa ne može da izfinansira hranjenje i šta ja znam, a jako je miroljubiv, pa sam odlučio ja da ga uzmem. Ne moram da se brinem oko dresure, izbalansirane ishrane, samo da mu kondiciju nabijem i mogu s njim biciklom da idem do okolnih sela :) jeste, u pravu si, previše ih je sad, većina mužjaka liči na ženke, ali klinci brzo odustanu od njih jer ne znaju da ih izdresiraju pa smešno izgledaju kad ih džukac vuče po centru..

Prelepa mi je rasa! Išao sam i u Bg na specijalku sa njim, i na izložbe ovako, ali taman kad je sazreo, otišao sam na faks, redje dolazio, manje bio s njim. Sad sam se vratio, pa mogu ovom da se posvetim :)

EDIT: tačno Maro, ali sam se za ovog već vezao :) biće i za štene vremena, polako..","priroda"
"Imam pekinezerku već 10 godina... Skoro joj bio rođendan.

A volio bih imati čehoslovačkog vučjeg psa zato što obožavam vukove a ovi su isti.","priroda"
"Ja imao baseta. :)

http://cdn-www.dailypuppy.com/media/dogs/anonymous/bentley_basset_hound_01.jpg_w450.jpg
http://www.dogs-wallpapers.com/user-content/uploads/wall/o/35/basset_hound_puppy.jpg","priroda"
"jeste lepa rasa,a ljudi ih ne vole zbog džibera i smatraju agresivnim zbog borbi pasa i eksploatisanjima u te svrhe.
@ bebop - hahah,mwax!","priroda"
"Nisam li pomenuo da osobe koje su neodlučne vole kerove

Generalisanje. 
dok je ker tupav i rođen da bude tupav i služi. Ker nije najbolji čovekov prijatelj zato što bi se prodao za mangulicu !

Transfer... 
Enivej, volim kerove, evo kod kuce imam jednog pticara. Imao sam dva komada do skoro, rodjena braca, nije  se znalo ko je luđi, veoma zanimljivi, i na prvi pogled blentavi, jer samo balave, skaču, ne slušaju, ali sve to samo na prvi pogled. A šta je caka sa njima, ne treba ih šetati gde ima ljudi, jer deluju agesivno, a u stvari su samo puni energije jer imaju retku priliku da se šetaju, pa trče i skaču na sve živo. Dobro je to što ja mogu da ih šetam na otvorenom, van naselja, izvedem lepo to na proplanak i štema zajedno sa njima, daluje kao da ne znaju šta će sa sobom, međutim, sasvim je suptrotno. Kreću se u osmicama oko mene, u prečniku od oko 200 metara, trče do jednog mesta, izvide situaciju, dođu nazad do mene (bez naredbe) pa nastave u suptrotnom smeru,i nikad se ne udaljavaju previse, i ne trče ni za zečevima ni za ostalim avlijanerima bez odobrenja, da stvar bude bolja niko ih nije dresirao.","priroda"
"http://farm2.static.flickr.com/1362/915536045_2fd0f88b22_o.jpg Za ovo bi dupe prodao, pa nek' sto puta ne znam kako da ih čuvam.","priroda"
"Ja imam vojvodjanskog pulina. Kazu najinteligentnija rasa, kad ono glupo ko kurac.
http://i257.photobucket.com/albums/hh238/SLAVONSKI-BROD/nala3.jpg
Nije moj ovaj sa slike, moj je manji. Mislim ker. :D","priroda"
"A volio bih imati čehoslovačkog vučjeg psa zato što obožavam vukove a ovi su isti.

Postoji i Sarlosov vučijak koji je još sličniji vuku. Al ne znam da postoji i jedan u Srb. od te dve vrste.","priroda"
"http://zooberza.poljomasine.net/oglasi_slike/3d561e23-0018-4e3a-853f-2f8eec1fb00e.jpg
moj deda je imao ovakvog kad sam bila mala,sila od psa,vozio se stalno čamcem,sedne na pramac i prvi uskoči,odličan čuvar.","priroda"
"Postoji i Sarlosov vučijak koji je još sličniji vuku.

Draskovicu?","priroda"
"Po meni nema lepše i mističnije rase http://upload.wikimedia.org/wikipedia/commons/f/f5/Siberian_Husky_copper_bi-eye.jpg","priroda"
"http://4.bp.blogspot.com/_7C2JCalsYdE/TIOhfxErs8I/AAAAAAAAInE/W5PbYuOaU_g/s1600/show-mainimage.jpg
A šta je sa ovom vrstom? :)","priroda"
"http://upload.wikimedia.org/wikipedia/commons/f/f5/Siberian_Husky_copper_bi-eye.jpg

Овај кер је глув на лево ухо.","priroda"
"Pih, kad sam glup za ove pojmove, ja pomislio da se radi o filmu.","priroda"
"Hahahaha.","priroda"
"Imao sam rotvajlera. Malo je reći da sam ga obožavao. Nije što je moj, ali je bio veoma pametan, često sam imao trip da razume srpski.","priroda"
"Ја тренутно имам златног ритривера али бих много волела да имам и:

http://www.typesofdogs.org/images/akita_inu3.jpg

мада су ми и хаскији и самоједи дивни...","priroda"
"Akita je prelepaaaa...al od japanskih, tj. od azijata moj faforit je Tosa inu
http://www.matsukennel.com/files/GrandpaSudo.jpg
pas kojeg ima retko gde u svetu osim u Japanu, inače ga koriste za sumo borbe pasa","priroda"
"Tose - velike, naborane, balave mrcine... Posedujem jednog, i mogu reci da je bilo divno odrasti uz takvog kera...","priroda"
"http://www.vauvau.net/images/I%20FCI%20skupina/cehosl_vucjak_profil_desno.jpg

Nema jačeg.","priroda"
"Ако би могао неко, ко има више искуства са псима да ме посаветује...
Имам ритривера, женку стару скоро седам месеци и много је немирна, цима , лаје доста, луди за другим псима и мачкама, онако хоће да се игра, млати репом, мада је у суштини весела али много немирна... да ли то има везе са дресуром (можда смо преблаги) или са узрастом или је једноставно таква по природи или све то заједно... 
Не бих рекла да је размажена јер нисмо у фазону да је пуштамо да ради шта хоће али ми се чини да је некад сва у растројству, не зна где ће пре... Што се тиче активности, сваки дан иде у шетњу по неколико пута, пуштамо је и да се истрчи по околним ливадама колико јој је воља... али она и даље вуче као шашава, скаче к'о луда кад види другог пса... била је баш мала кад су је одвојили од мајке, можда и то има везе...
Да ли ће то престати кад одрасте, за једно годину дана или треба озбиљније да се позабавимо њеном дресуром?","priroda"
"probaj da je sljepnes onako po tintari i viknes na nju da ukapira neke stvari...","priroda"
"rekla bih da je takva jer je još mala, moja pudla je takva bila do skoro i prestalo je ludilo kad je proludovala prvo teranje. činjenica je da moraš da je nateraš da ti makar po boji glasa zna šta sme a šta ne. ja kad kažem NE, DOSTA, MIRNA i njeno ime malo oštrijim tonom odma bataljuje šta radi i dolazi mi na noge. kad napravi sranjce malo jače podvikni i uštini je za uvo taman da malo jaukne, posle par puta znaće da je zabrljala samo i od tvog podvika. koliko god da me je bolela duša kad je povučem za uvo, naučila je. i sad samo što ne progovori. a da... za mačkama juri kao luda i dalje, to im je u krvi. skoro je iskopala krticu u bašti, krticu koju je moj ćale jurio godinu dana. samo je skočila počela da kopa i op! inače francuska pudlica.-.-","priroda"
"Marijana P
Retriveri su po prirodi takva rasa, imaju dosta lovačke krvi u sebi, energija i adrenalin kipe! Plus, ona je još praktično štene. Sa dresurom ne vrijedi počinjati prije 9og mjeseca. Sad je možeš već učiti na komande tipa ""NE!"" uz blaži trzaj povocem ili ćušku po dupetu (nikad po glavi!), to će brzo naučiti. Pokaži autoritet, šta se smije a šta ne smije, kazna za zajebanciju, nagrada za kulturu. Ako je kažnjavaš, to radi odmah nakon učinjene pizdarije, posle ti je džaba. Trudi se da se ponašaš staloženo i ujednačeno kad si s njom, i da komande izdaješ uvijek istim tonom. Budi dosljedna pravilima. Uz malo truda, biće ko bombon.","priroda"
"http://www.youtube.com/watch?v=KrsH8KFzwxY","priroda"
"http://www.lovacki-pesi.net/alpski_brak_lovacki_pas/grom/grom_alpski_brak_jazavcar_640.jpg

http://static.pik.ba/galerija/2011-05/slika-197180-2011-05-1304864911-default.jpg

alpski brak jazavičar i bosanski gonič - barak
stari ima ovakve slične, ludi kerovi...","priroda"
"Оће доживимо тему мало, а?
Ценим да има доста нас који смо љубитељи ове племените сорте.","priroda"
"moram ispricati o najbolesnije jebenom psu koga sam ikad video...caletov ortak ga drzi da mu cuva radno mesto i gajbu(posto zivi gde i radi)...mesavina belgijskog ovcara i sarplaninca
BRATE...veceg kera u zivotu nisam video,oni rotfajleri su za njega pudlice...plus to sto je jezivo agresivan...na 20 metara od njega usrao sam se gledajuci ga kako laje i pokusava da se otrgne lancu,a inace taj,caletov ortak je morao koristiti onu omcu za stoku,jer ona za kerove nikako nije dovoljno...na zalost nisam mu mogal prici da se igram s njim,jer je reko ovaj da nikako nije druzeljibuv za nepoznate glave...dan pre toga me ujeo jedan ogroman ker(al ni blizu velik ko ovaj) a ja hteo samo da ga pomazim...","priroda"
"daj da oživimo temu, jel ima neko iskustva sa mađarskim vižlama? mnogo lep pas, ali na nekim mestima kažu nikako pas za stan(imam i omanje dvorište),  pošto je potpuno lovački pas, navodno mu teba pun kurac treninga i istrčavanja inače će da bidne nesrećna.. e sad na nekim mestima kaže da to nije tolko strašno. a imam već mešanca inače, koji podseća dosta na baraka sa slike gore, al ne znam od čega je. al boljeg kera nisam mogao poželeti majke mi. evo vižle:
http://www.mojpes.com/wp-content/uploads/1212-vizla.jpg","priroda"
"Čapa.","priroda"
"jedan lik s kojim druzio sam se bio je neralan sto se tice privlacenja kerova
gde god da ode,ne prati ga jedan nego 17 kerova
svaki,ali svaki put gde god su kerovi moraju za njim da idu
zajebavali smo ga da je to zato sto je debeo pa ih podseca na slaninu xd
nalazio se s njim kod trafike 
i kad ga vidim da dolazi sa km odma prepoznam da je on zbog 17 kerova oko njega

a i znao je neki zvuk da napravi sto odma,ali odma privuce kerove,cak je i nebitno koliko glasno i kolika udaljenost
ko da na kerecem jeziku kaze ,,imam za tebe 479 koski,, 
na kalishu jednom blejimo iznad zoloskog vrta,cak i udaljeniji prilicno i on taj zvuk napravi i samo cujes vukove koji oglasavaju se...a zima preljuta napolju,zivotinje vrv nisu ni bile napolju...uradi to opet  opet vuci oglasavaju se...i opet i opet...nerrealno jebeno
isto tako kod njega gajbi na 6. spratu uradi to,ker u pm udaljen,i samo vidis oglasava se,a taj zvuk radi tako tiho da ga jedva i ja koji sam pored njega cujem...dobro,ne bas jedva,al uopste nije glasan zvuk","priroda"
"Snimak?
Wolfdog mi je favorit.
Portuguese Water Dog je dobar.","priroda"
"Ovaj pas gluv je na levo oko
http://upload.wikimedia.org/wikipedia/commons/f/f5/Siberian_Husky_copper_bi-eye.jpg","priroda"
"Ole, posle ću da ti napišem jedan post. Jako slično iskustvo.","priroda"
"andjelko,jbg,nemam","priroda"
"Имао сам до пре десетак дана два бретонца, па сам једног морао да дам јер је лајало говедо по целу ноћ, а било ми жао да га бијем, па је то било једино решење. Ћале се ложи на те ловачке керове, ја их и не волим нешто претерано. Сад планирам да узмем неког квалитетног златног, јер волим те мекане, неагресивне псе. Акиту и енглеског булдога такође планирам дузмем у скоријој будућности.","priroda"
"Da, Akita je jako neagresivna.","priroda"
"Написао сам за ретривера да је неагресиван, мојне да једеш говна да те не пребијем, шабане мали. Више волим мекане псе од агресивних, што не мора да значи да ове љуте не бих волео да чувам.","priroda"
"Pa kad si i sam mekan i pihtijast. Kupi si jebenog pinča, to ti priliči nube.","priroda"
"DŽABE TERETANA KAD SU MUDA MALENA","priroda"
"Хахага пинчеви преобјашњавају. Узео бих и малтезера, али пљунуо бих себи у лице јер га Ђовак има а њега не подносим. Истетовирај питбула поред Грачанице на грби, агресивни човече, такве пребијам погледом.","priroda"
"Ангеле :*","priroda"
"Stafa, jebo te pit lolo","priroda"
"Muda ne rastu u teretani.
engleski buldog jebe.","priroda"
"Jazavičar aka. kobasica je odličan pas. Jedina mana je kad ga pustiš niz stepenice.","priroda"
"http://khongthe.com/wallpapers/animals/cool-dog-230063.jpg u jbt","priroda"
"dodirnuo sam najgotivniju kerecu dlaku ikada oko 10 minuta 2014.
japanski ker neki
prefina i preljubazna dlaka,stiskao bi kera tog ceo dan","priroda"
"Имам женку пулина, прцала се са самоједом. На шта ће да личе штенад?","priroda"
"Biće fina štenad, a posle i psi, kontam. Šareni vjerovatno ili neki bijeli neki crni, špicaste njuške, podignute uši, ženke oko 20, mužijaci oko 25 kila. Mislim i da će im krzno biti kul. Fotkaćeš, pa će da vidimo.","priroda"
"http://www.pagog.com/pics/2007/august/11/weird_animals_15.gif da,ovo je ker...drzao bi ih preko 126 gajbi","priroda"
"Obavezno slike te samolin rase ovde da obesiš.","priroda"
"http://www.srbijadanas.com/sites/default/files/styles/full_article_image/public/125/veliki-pas-6.jpg","priroda"
"http://www.zivotinje.rs/slike/itemImg/1400073049pas1.jpg

panda pas","priroda"
"Gle, postoji pas-pandan pandi","priroda"
"Psi rase japanska akita, sta mislite o njima?","priroda"
"Имам женку пулина, прцала се са самоједом. На шта ће да личе штенад?

Bač daj slike ovoga imam pulina a pre nego što sam ga uzo hteo sam samojeda živo me zanima na čega liče
I kakav im je karakter","priroda"
"ako bih kojim slučajem nekog žešćeg psa tipa rot, staford, pitbul, kane korso i sl. ''obučavao'' kao tipičnog seoskog džukca kućnog mešanca, omanjeg crno-belog polučupavca, da se ne vezuje da trči po dvorištu fazon, ma ko prostu džukelu neku, da li bi imao onu agresivnu žicu u sebi?","priroda"
"to se i ja pitam?moj drug ima staforda, napravio je od njega mirnije kuce od pudle.neko malo kuce ga napalo on poceo da cvili, kad ga je drugi put napao onda je lanuo iz straha al je to kuce valjda videlo po lavezu da je mnogo jaci pa je odustalo.e sad mislim da kad bi jednom osetilo borbu onda vise ne bi bio tako dobar.mada niko ne zna za sigurno, kako ce neko kuce da se ponasa, ja gledam one pitove pune ljubavi i dobrote,igraju se sa decom itdda li kuce moze da promeni ponasanje?ne verujem da moze od dobrice zver da postane ali ako oseti borbu onda nece da je izbegava, moze da se desi i da zapocinje ponekad.a prema ljudima kako ce da se ponasa, sta znam.treba da im se stavlja korpa kad su na ulici a vlasnik kuci nek radi k","priroda"
"Ne. Agresija ne zavisi od toga. Bitnije ti je da povedes racuna o tome iz kakvog legla stene dolazi, da li je imalo kontakta sa ljudima pre progledavanja, kakva je keva i slicno. I naravno period socijalizacije sa tobom. Da ga navikavas na ljude od pocetka, da ga ne napravis anksioznim, da ne dozivi neku traumu. Ti psi znaju jako zajebani da budu ako kao stenci prezive neku traumu, prepravke agresije tako uzrokovane su mozda i teze za ispravljanje od agresije uzrokovane losom postavkom dominacije u coporu.
U svakom slucaju psa da trci slobodno van dvorista ne smes pustati.","priroda"
"Zabluda je da si stafordi i pitovi agresivni prema ljudima. Oni su zapravo genetski selektovani tako da budu agresivni prema drugim psima. Tako da borba sama po sebi nema veze kad je covek u pitanju, vec pravi ogroman problem u socijalizaciji sa drugim psima koji skoro pa nije resiv. Problem je kad staford kvrcne i napadne, jer je pas jak. On cak nije ni na vrhu nekih lista sto se tice ujedljivosti. Najujedljiviji pas na ovom svetu je koker spanijel. To je pas koji je po svojoj prirodi agresivan, ali je sladak pa ljudi zanemaruju, a i ne moze neku ozb stetu da napravi realno.","priroda"
"Lol. Nije bitno ako neki lik trenira pitbula za borbu, ako je ker iz dobre kuće i keva mu je pacifista nema ti tu ništa od agresivnog psa.

Edit: sojin komadić je","priroda"
"sta je tesko stavit mu korpu, i pas se navikne na to.verujem da bi mu bilo neobicno bez korpe kad bi se navikao na nju i mozda sam lajanjem trazio da mu gazda stavi korpu.,kazem, ima pitova stvarno dobrih.da, zavisi kakvo je leglo i kako se uzgajivac ponasao prema njima.ima tu mnogo faktora ali ne verujem da su svi pitovi agresivni.velika vecina jesu jer su im vlasnici uglavnom debili.najodvratnije mi je kad neko ceni kuce po snazi.kazem ja tako jednom coveku za nekog psa da je lep a on napravi facu kao da taj pas ne vredi nicemu jer nije jak.a taj covek je fizicki slab i sta misli kad bi njega drugi ljudi vrednovali po tome,kako bi mu bilo.","priroda"
"I da, ako uzimas psa, gledaj da nikad ne uzmes najrazigranije ili najmirnije stene iz legla. Raspitaj se dobro, pitaj jesu drzali stence u rukama dok nisu progledali, posmatraj leglo i kako se ponasaju dok su sa kevom. Ne uzimaj stene ispod dva meseca nikako.","priroda"
"Lol","priroda"
"ja imam dve macke, ova jedna ne preza ni od pasa.mislio sam da ce da nastrada ali ona svojim stavom uspeva da otera bilo kojeg psa;tvrdim da kad bi se ona iskezila i nakostresila da bi i borbeni pit bul podvio rep","priroda"
"Ovo sto labokv kaze. Pitove i stafove uglavnom uzimaju debili, ti psi zapravo pretrpe ozb maltretiranje i onda kvrcnu. Sam pit, staf ne vazi za agresivnu rasu, to je glupost. Oni su agresivni prema psima, ne ljudima, tu su zapravo jako inferiorni.","priroda"
"mene ujeo koker iz cista mira.","priroda"
"Koker ujeda iz cista mira stalno. U praksi kad vidimo kokera, brnjica se podrazumeva. A i imala sam kokera, taj se naujedao za sve pare","priroda"
"Ovo što kaže sojin. +1","priroda"
"kazem ja ovom, reko gle sto lep malinoa on kaze ma los ker znas sta bi mu uradio pit.mnogo je takvih ljudi i posle se cudimo kad neki pas napadne nekog i sto mje najgore krivimo zivotinju","priroda"
"Ma glupost. Msm jeste pit jaci od malinoe, dizajniran je tako. Ali za dvoriste malinoa je zakon. Radni pas i to dobar, slican nekadasnjem vucjaku po karakteristikama. I malinoa je agresivnija od pita dosta.","priroda"
"ma ja to pitam jer sam se setio nečeg od ranije još, imao sam haskija ko klinac, nisam ga dresirao ništa, tipično klinačko igranje sa psom, nije bio vezan, i uvek je koristio priliku da zbriše van dvorišta, nema ga po par sati, nekada i po ceo dan. Znam da nisu genetski programirani da bubu teritorijalni i da su ipak kodirani da budu razigrani eksploreri u stvari, zato sam pomislio da ako je haski genetski predorderđen da ga ne drži mesto ako nije pravilno dresiran, tako možda što da ne i neki pit iz dvorišta nasrne na rendom džukelu koja se šeta po komšiluku","priroda"
"da malinoa je cuvar.oa valjda belu kucu cuvaju malinoe.zajeban pas.meni su lepi.ali ne volim kad je pas agresivan","priroda"
"To moze da se desi uvek. Psi se kolju oko teritorije, bio dresiran, a ne, ta opasnost postoji.
Haski je primitivna rasa. Ne mozes ga porediti sa drugim psima sto se gomile stvari tice. Ni njega ni malamuta ni ruske lajke.
A kod pita postoji velika sansa da ce klati druge pse ako ima prilike.","priroda"
"Ja obozavam i malinoe i vucjake. Dusa me boli sto su nemacke ovcare toliko osakatili. Ono je greh.","priroda"
"лабрадор ми је некако најготивнија пасмина","priroda"
"Volim vučkaste pse, tipa haski recimo.

nije bio vezan, i uvek je koristio priliku da zbriše van dvorišta, nema ga po par sati, nekada i po ceo dan

Jebeš mu mater, izgleda da nisi jedini :D 
malo, malo pa vidim haskija nekog kako se mota po gradu, ili neko dao oglas. 
Kad smo bili klinci drugar je našao haskija koji pobegao vlasnici, pa preko nekog udruženja je ipak našli i vratili ga.","priroda"
"dosta ljudi koji su imali ili imaju haskija kazu da je mnogo glup pas. meni djeluje normalan ko i svaki drugi. pa me zanima da svoje misljenje kaze par ljudi koji su imali haskija.","priroda"
"Ahahha sad zamisljam kako haskija u nekom psecem drustvu polivaju nekim kucecim forama a on ne kapira","priroda"
"Има овде код мене у комшилуку један хаски. Буквално сваки дан он има туру коју пређе, власници га пусте и он иде по граду, обиђе пар места и то не баш близу и врати се.
Тако је то кад се не преже у санке, одмах нека девијација","priroda"
"Kako se zove jedan mali beli psic podseca na jazavicara  a ima glavu kao terijer?","priroda"
"Darude - Sandstorm","priroda"
"Zove se ejdus, pička ti materina","priroda"
"ima li neko ovde da se bavi dresurom pasa","priroda"
"Pezos","priroda"
"radim honorarno za muriju, vucjake i SOPove iskljucivo","priroda"
"Pez šta je ovo
https://imgur.com/a/23Okvvo","priroda"
"Inka pas","priroda"
"Bezdlaki peruanski pas","priroda"
"Jel to Anubis?","priroda"
"Kakav je za držanje kući i može li se nabaviti","priroda"
"Ne moze, ne odgovara mu nijedna klima osim andske, a i mora da zvace lisce koke inace brzo ugine","priroda"
"Ne lupetaj","priroda"
"¿¡","priroda"
"Ne znam kako peruanski pas moze preziveti na obodima Kosmaja, to je za njega pasji zivot, nemoj muciti zivotinju","priroda"
"Nabijem ti prst u dupe bas","priroda"
"Pa Šarplaninaca ima i van Šarplanine, Kangala van Turske i Tibetanskog Mastifa van Tibeta itd","priroda"
"Ovo je jako specificna rasa, kreirana od Boga licno, na zahtev samana na ajahuaski","priroda"
"Nije za jednog mladenovackog seljaka jebiga","priroda"
"Drzi se pitbulova i bembare ipak","priroda"
"Staforda.","priroda"
"meni je uginula belgijska ovcarka kuja 9 godina imala neki rak je izjeo
sad sam dobio za dzaba stene belgijskog ovcara opet, neki lik morao da ga se resi da ga ne bi tuzio stanodavac, radni pas odlican
vec sam ga naucio mnogo toga sto se poslusnosti tice, odem bicikl da vozim on trci za mnom i miran bude posle","priroda"
"Pa pazi. Ono što ja znam Malinoa je pas 10/10 jedinu manu ako se manom može zvati je ta što Malinoa ako ne pretrči 10 km danas je u problemu. Hiper aktivan neumoran i najpodobniji za dresuru samo mora da se radi nonstop s njim","priroda"
"Ne može u stanu i neće kavez jbg","priroda"
"da da, malopre sam se ja umorio pre nego stene jebeno na biciklu, vozio sam 40min u poslednjoj brzini
jedino sto je jos previse radoznao pa hoce iz dvorista da izadje kad vidi kera a prelako mu je da izadje kroz resetke na kapiji, pa ga drzim na duzem malo lancu dok to ne preraste","priroda"
"Malinoa preskače 2 metra iz mesta fazon samo kad nauči, nema za njega ograde da negde ne može","priroda"
"SOP je za tebe Bohore. Pored toga što je zajeban, ima u sebi dozu nacionalizma.","priroda"
"ma jes boh ali sad dok je stene moze da se provuce kao da ne postoji ograda, to kad preskace je kad je bezobrazan ker, a ovo je samo radoznao","priroda"
"Dok ne naprave Kerbera genetskim inzenjeringom, nije mi interesantno drzati psa. A i poprilican sam cigan, tako da sto bih se vezivao za zivotinju pa da moram da ga pustim negde na livadu ili poklonim ili sta ti ja znam","priroda"
"Sta preferirate, odane I pokorne pse, ili svojeglave i komplikovane macke?","priroda"
"Kako neko moze posedovati macku,stvorenje koje da crknes ne bi zavalilo dokle god ima hrane u ciniji :(","priroda"
"Мачке су за гледање... егзотичне., оранж-црног крзна. Пси су за суживот.","priroda"
"Psi, ništa protiv mačaka i ljudi koji više vole mačke, ali ako se ja pitam definitivno psi.","priroda"
"Psi jer mačku ne možeš naučiti da raskube nekoga na komandu.","priroda"
"Kučiki","priroda"
"jao klasicna hipsterska prica ja imam macku jer pas je poslusnik, slepo prati svog gospodara, macka je sam svoj gospodar, neobuzdana, divlja, jedinstvena BAS KAO I JA","priroda"
"Al odakle to mačke SVOJEGLAVE i NEPOSLUŠNE  ima u zgradi kod mene jedna debela ide ko ciganin od vrata do vrata govno bi pojela da joj baciš. I samo lezi depresivno po ceo dan","priroda"
"pa kao nisu privrzene nikome, ne obraduje ti se nikad macka ko pas kad te vidi bukvalno ne zna sta ce od srece hahah","priroda"
"macke iz razloga sto zna da sere gde treba za razliku od dzukela koje pisaju i seru gde stignu","priroda"
"haha inace ima ona ako hoces slugu kupi kera ako oces gospodara kupi macku

u praksi macki izvrnes konzervu ili one granule u ciniju i ocistis pesak, keruzanju vodaj po ceo dan napolju bilo kisa ili sneg ako neces da ti zasere stan","priroda"
"evo naravno da ce najveci poslusnik na sajtu koji je morao ceo zivot da peva sta mu kazu i da aplaudira u masi kad mu kazu IZ KOMPLEKSA da voli vise macke jer su po prici sve ono sto on nikad nije bio

glupane izadji iz tog mehura u kom zivis, pas se jednako lako nauci da trazi da ide napolje da pisa i kenja, a ne ko macka da ti iserava ona jeziva tanka i smrdljiva govna u pesak u kupatilo","priroda"
"Ахахах дочекао је пенал пезз

Танка говна пуна песка...","priroda"
"pa sad, neki imaju i terasu ako nije garsonjera u pitanju, ne mora kupatilo","priroda"
"brate bas nisam volio macke ono bas bas nikako ali prije 2-3 godine ja msm 2 jedan Sajo(sto se za vrijeme rata krio ispod leseva itd ) omaci mu se macka majka navali da donese i on donese ja majki krv pio sto ce nam to i tako znaci sprdali smo se sa njima zvali ih sajovke po saju i tako ali brate malo po malo znaci te macke su mi se tako pod kozu bile uvukle i nedje mozda pola godine posle jedna macka ojde nedje ubiju je kola malo posle toga opet i ovu drugu ubiju kola tu bas ogromna tuga bas bas znaci ka da mi je neko ruku okinuo pa ne mogu dotu vise igrat tako nekako i reka sam majki nikad vise da ne trazi macke i mozda godinu posle toga saju se macke opet omace i majka mu trazi opet macke ja skacem na majku sto radis to jadna sto ce nam to opet i donese nam macke brate vrlo slicne onim proslim mozda cak i jace i znaci bas su prelijepe i fine i mirne i umiiiljate braate znaci nevjera kako umiljate ono bas dodju da se maze i cuda cuda i mozda godinu ili pola godine jednu mi opet ubiju kola a i drugu nedugo zatim
nikad vise moja kuca macke nece imat ne brate prevelika je tuga kad ih izgubis","priroda"
"Људи који држе мачке или псе у кући су највеће дебилчине на свету.","priroda"
"Mačke jer one vode same brigu o sebi, nahrani kad se setis i pusti je da ide po selu i zivi zivot lepo i slobodno. Kera moras da vezes negde ili mu ogranicis kretanje jer je debil.","priroda"
"ali bohor ima kera, ne macku....al ce biti sad izvinjavanja naredna dva meseca za ovo","priroda"
"Ma salim se ja malo, kerovi su bolji","priroda"
"ja imam macku, mislim nemam ja nego kucni macak, treba li napominjati da je rasan persijaner sa papirima i ostalo.... ne sluzi nicemu generalno, tezak smarac i dosadnjakovic, grebe vrata, ludi celu noc po kuci... ali opet nekako se vezes za njega, nemam pojma... evo sad nisam par meseci u Srbiji, kazu mi da je smoren, slabo jede, verovatno mu nedostajem","priroda"
"Људи који држе мачке или псе у кући су највеће дебилчине на свету.

Не. Али људи који држе коња од 25 година у кући су већ упитни.","priroda"
"Dobar","priroda"
"Macke. Ne setas je, nahranis je, zamenis joj pesak, ima karakter, a ne slepo podanicko pozicioniranje u coporu. Vezuje se uglavnom za jednog clana porodice, eventualno ako je neko bas fin prema njoj mozda ga zgotivi. Nece pokazati pandurima gde drzis vutru i slicne stvari.
Psi su previse komplikacije i za ljude koji vole da su napolju i da neko bas bas zavisi od njihove dobre/ lose volje.","priroda"
"Samo kučiki","priroda"
"Petar Pan Pezo$
jao klasicna hipsterska prica ja imam macku jer pas je poslusnik, slepo prati svog gospodara, macka je sam svoj gospodar, neobuzdana, divlja, jedinstvena BAS KAO JA

буквално свако женско икад. Мачкетина једе сере и спава а ове жене глуме клеопатру и стари египат","priroda"
"macke, lepse su mi.bas me briga sto nisu umiljate kao psi, covek moze da gnjavi macku dok spava.ako je budna onda bezi pa i kad je uhvatim ne mogu da je zadrzim vise od minut.znaci najbolje dok spava.a nervira me kad vlasnik psa kaze-vise volim pse jer pokazuju ljubav..pa onda one price-moj riki mene kad vidi on skace od srece.jooj ko se to meni obradovao.fuj macke, macke su lukave.oce da izrade coveka i ne masu repom i skacu od srece kad vide gazdu.nego ih briga za gazdu.kazes joj:eeej ko te rani, dodji voli me..a ona nista.","priroda"
"haha da, ovo sta kaze labo kako se samo usudjuje da mi ne dodje kad zovem.. da ne pricam o primatima koji sutiraju onu pitbulove da budu opasniji, kakav jebeni glitch evolucije...","priroda"
"Muškarci mačkoljubi su većinom žešći frikovi. Ima jedan lik iz mog grada, nadimak mu je Ket Fak'r. Ladno lik pričao kako mu se dig'o dok je mazio mačku.","priroda"
"bombas, u mnogo stvari se slazemo.mi smo ta generacija koja koliko toliko zna za prave vrednosti, ne ko ovi klinci danas.a ljudi u staro vreme su ziveli najpravilnije.sad se seti jedne zene sto po ceo dan ide sa svojim kucetom i prica sa njim.sva je posvecena kucetu, to kuce je ceo njen svet.kakav mizeran zivot, treba da se ubije.mucno je gledati je.posebno kad prica sa kerom kao sa srodnom dusom.takav osecaj ne izazivaju u meni ni prosjaci bez ruku i nogu, ko ona...ljudi su je izdali a kuce nikad nece.","priroda"
"nadimak mu je Ket Fak'r. Ladno lik pričao kako mu se dig'o dok je mazio mačku.

jednom se čovjeku digne i odmah neke prozivke.","priroda"
"A jedan drugi lik kad mu uginula mačka isključio fon i nije se nikom javljao 5 dana. Pritom lik imao 22 godine tad. Pa reci da nisu frikovi brate.","priroda"
"nekad su ljudi bili srecni samo da imaju da pojedu i popiju.ali zato nisu znali za stres, bili su srecniji nego mi danas.tako se pravilno zivi","priroda"
"orkana pricas lazi","priroda"
"jedna zena je sexualno opstila sa kerom preko 10 god, ker joj bio ljubavnik.aj da je samo to nego je kupila grobno mesto za nju i kera da budu sahranjeni jedno pored drugog","priroda"
"Trenutno imam psa, konja i sokola, istreniraću sokola da fata mačke i baca u rijeku.","priroda"
"Psi, naravno. Ne vidim nikakvu vrstu satisfakcije u deljenju životnog prostora sa mačkom.","priroda"
"I jedno i drugo mada kad sam bio mali, macke nisam uopste voleo. Ali promenilo se kako sam imao porodicu macaka u dvoristu i to onako jednu veliku porodicnu zadrugu od nekoliko generacija. 
Jedno vreme sam imao macka i psa, obojica muzjaci, zvali su se isto - Žuća.","priroda"
"Muči me nešto....

....šta Pseto misli o psima SKEČ","priroda"
"Jebala ti mačka mater... Ne ide jbg","priroda"
"abokv
jedna zena je sexualno opstila sa kerom preko 10 god, ker joj bio ljubavnik.aj da je samo to nego je kupila grobno mesto za nju i kera da budu sahranjeni jedno pored drugog

Ker88","priroda"
"Macke. Ne setas je, nahranis je, zamenis joj pesak, ima karakter, a ne slepo podanicko pozicioniranje u coporu. Vezuje se uglavnom za jednog clana porodice, eventualno ako je neko bas fin prema njoj mozda ga zgotivi. Nece pokazati pandurima gde drzis vutru i slicne stvari. 
Psi su previse komplikacije i za ljude koji vole da su napolju i da neko bas bas zavisi od njihove dobre/ lose volje.

IMA KARAKTER....hahahahhaha.....reci ovo engleskom buldogu koji ima vise karaktera nego 99% ljudi na svetu....koji jebeno je tvrdoglaviji od svake macke i neposlusniji....ima preko 200 vrsti pasa samo tih rasnih priznatih od kojih je svaka drugacija, al ne mora neko ko se apsolutno ne razume bukvalno ni recenicu da sastavi o kinologiji mora da da svoje misljenje inace ce se smatrati jako neispunjenim danom....ajde bezite bre, macke sve od ove domace do one najdivljije tipa tigra i lava sve imaju isti karakter i dosadne su generalno, a psi, kolko god rasa postoji na svetu sve su drugacije, i ono sto pas moze da nauci tipa malinois ili border koli ili tako nesto ne moze ni simpanza jebena da nauci, aj mrs svi u kurac sa tim pricama o macijem karakteru....od tog njihovog karaktera samo dobijete da vam skrivaju tanka i jako smrdljiva govna svuda iza troseda i ugaonih garnitura, kad god im je dosadno iskopaju govno iz peska i stave ga negde vama ispod kreveta.....psi su 5000000 puta raznovrsniji i osobeniji i imaju vise karaktera od jednolicnih macaka na koje se loze hipsteri i mahom masa iz kruga dvojke","priroda"
"plus sto pas ako stvarno ne umes da mu budes karakter bukvalno je nocna mora, pogotovo ako je neka rasa iz FCI2 grupe na primer molosa.....bas bi voleo neku presvilenu osobu da vidim kako barata sa boerboelom ili bulmastifom ili alabaiem ili nebitno sta hahah koji se ne boji ni kometa sa svemira da padne na njega, a kamoli kad oseti neki svileni glasic neke feministkinje kako mu govori TI NISI MACKA NEMAS KARAKTER..... ajde mrs bre i za najobicnijeg maltezera moras da imas karakter da bi te voleo i postovao, a kamoli za neku zver od psa, tako da ne moze svako da ima podanika u psu, pogotove ne svileni glasovi hahha tipa bombas ili tako neke feministkinje....a svako moze da ima glupavu macku koja nikog ne slusa i koju svaki pas zadavi cim mu dodje u dvoriste","priroda"
"jebem vam mater jako vam se isprdim po facama dok spavate da ne znate sta vas je snaslo","priroda"
"Хахахаха.","priroda"
"Имам обоје углавном.","priroda"
"Imao sam koker španijela , koji je izuzetno bio veran, a komšije imaju barem 10-ak mačaka, koje više budu kod mene, nego kod njih, zbog velikog dvorišta gde mogu da se zabavljaju.
Neki dan baš mi druge komšije otišle nešto privatno u Germany, i ja prosto ne verujem kako njegov pas tuguje za njima.TRi dana nije jeo, a svaki put kad pređem kod njib on se zaleti na kapiju, jer misli da oni dolaze.
Sve u svemu da skratim priču, i ako sam i ja imao predivnog kokera, ipak dajem glas MAČKAMA, jer BAŠ ZATO ŠTO NISU VERNE GAZDAMA, tako lakše preživljavaju i gledaju samo svoj interes, a psi su previše vezani i to ih puno košta u njihovom životu.
Ima razlika naravno u zavisnosti od rasa, i naravno da li je životinja od malena kod istog gazde, itd., ali donekle to varira po istom principu.","priroda"
"Jedini razlog što se ne bavim preterano ozbiljno Pezosom jeste baš ogromna razlika u svemu. Kao dete od pet godina da me napadne i maše ručicama, eto tako. Dakle u svakom smislu sam užasno i neuporedivo dominantan u odnosu na njega i nemam to pogonsko gorivo da se bakćem sa njim. Jednom rečenicom sam ga izbacio iz takta, evo ne može mesec dana da se smiri i progoni me u maltene svakom upisu.To je stvar iskustva jednostavno, kakve šanse ima 28-godišnjak koji živi u Novom Sadu sa kevom u garsonjeri protiv nekog poput mene? Postoje dani kada vidim više akcije nego nesretni Pez za čitav život. Zato ga i ne diram, mislim zamisli  Javor (Pezos) trči okolo unezveren i proziva Čelzi (ja), smešna spika. Jebena vukajlija, dođeš malo da se nasmeješ, progene te kojekakvi mediokriteti Pezosi, Čika Bulje i slični.","priroda"
"Komšinica 80+ udovica muž vojno lice umro ona živela sa Vučjakom i 6, 7 mačaka
Vučjaka muž doneo iz vojske. Umre žena nisu je našli par dana dok se u prodavnici nisu zapitali gde je
Dodje hitna, policija i provale uvidjaj ovo ono da je neko nije ubio imala baka pare
Mačke krenule da je jedu jebeno, pete joj pojele skroz to se videlo a vučjak podavio sve mačke i majkao pored nje tu. Nerealna slika
Mada mislim da sam pisao o tome
Kako neko može da voli mačke mrtve od kerova","priroda"
"Ti si video to?","priroda"
"https://www.google.com/amp/s/www.telegraf.rs/amp/vesti/hronika/3016611-telo-zene-63-iz-bora-pojele-macke-od-glave-ostao-samo-potiljak","priroda"
"I psi I macke ne zele da pojedu vlasnika, ali ako su zatvoreni u kuci bez drugih izvora hrane naravno da ce jesti sta god imaju pa i vlasnika kad ne mogu vise da izdrze od gladi, obe vrste su predatori. S tim sto ako je npr otvoren prozor pre ce te pojesti pas, a macke ce izaci napolje i poceti da love ptice i miseve, njihova sposobnost za lov nije zaglupljena ljudima, za razliku od pasa. Pas da li bi preziveo na ulici nakon toga vec doooosta zavisi od toga kako je odgajan i od rase i generalno ulicni psi jedu ljudsko smece i otpatke samo jer su prezavisni od ljudi.

Macke jesu samostalne i divlje u prirodi i zato nisu maltene uopste pripitomljene, jako je retka macka kojoj ces ti da izaberes partnera, stalno se jebu sa divljim mackama po njihovom izboru i zato nisu izgubile skoro uopste sposobnost za lov, imaji bolji sluh od pasa i nocni vid im je bolji. To ne znaci nuzno da su macke bolje od pasa, samo da nisu genetski programirane da budu coveku prijatelj/podanik, vec same to biraju na neki nacin.

E sad, macka nece rizikovati nikada zivot da odbrani vlasnika, macku ne mozes da naucis puno toga jer su mahom nezainteresovane da uce bilo sta realno i uglavnom se ne vezuju za celu porodicu poput pasa vec samo za jednog clana.

Ja licno gotivim i pse i macke, ipak moram glas da dam mackama jer su mi mnogo interesantnije zivotinje, igra sa psom je da mu bacas loptu ili frizbi da on trci, macke su dosta interaktivnije. Kad pogledas viralne klipove pasa, nikada to nije video kako je pas super odan ili hvata loptu lol, nego mora da uradi nesto preposebno jer je ovo preobicno ponasanje za psa koje nije nista posebno, nego fazon moraju da izmumlaju nesto sto lici na i wuw you ili sta vec i cak i tako mnogo manje je zanimljivih takvih psecih klipova, a klipovi macaka koji postanu viralni sa druge strane su klipovi u kojima su macke - macke. Love lopte, lasere, carsave, skacu sa sranja na sranje i tako ta normalna macija ponasanja koja su iako tipicna za macke ipak zanimljiva jer je svaka macka individualna i drugacija. Neke macke ceo zivot ne daju vlasniku da ih mazi,fazon samo vole da sede u krilu i beze na dodir, neke se bukvalno penju na glavu. Neke macke mrze druge macke i vole pse, neke vole sve, neke nema sanse da tebe zgotive itd itd. Mnogo je vise razlicitosti od macke do macke nego od psa do psa.

Ali opet mozda to krug dvojke govori iz mene.

Vukajlija.","priroda"
"da da kad blentavi pas vija loptu i onako sav presrecan hahah to nije zanimljivo, al kad macka vija loptu EHHH KAKVO JE TO ODUSEVLJENJE MORA DA SE SNIMI...kao oni roditelji sto misle da su im deca najzanimljivija pa kao vidi moju macku kako grebe carsav ahahahahaha

i dosta rasa pasa ima koji se vezu samo za jednog clana porodice uopste ne za sve TAKO DA opet nepoznavanje kinologije klasicno vidim ovde, neznanje govori iz vas, moj drug je kao klinac zakopavao macke u sljunak i pesak da se zive podave, a sad zavrsava bogosloviju tako da i to nesto govori","priroda"
"Thilmo
https://www.google.com/amp/s/www.telegraf.rs/amp/vesti/hronika/3016611-telo-zene-63-iz-bora-pojele-macke-od-glave-ostao-samo-potiljak

Davno je sproveden ""eksperiment"" na ljudima, naime, nakon što je grupa ljudi iz vazduha izbačena negde na Andima, oni koji su preživeli su nakon nekog vremena počeli da jedu one koji nisu, a pre toga su svi bili drugari.

U stvari Tilmić, bukvalno bi te i plišani medved pojeo da oseća glad, jer je tu elementarna egzistencija ugrožena.

Tako da su ovi naslovi jezivi samo iz jednog razloga, a to je kako neko može toliko da ostane sam da bi ostatak sveta otkrio da je zaripio tek kada se raspadne i smrad bude toliko jak da ga osete svi ostali.","priroda"
"nije eksperiment nego se onaj nfl tim ili neki koledz tim tako nesto srusio avionom ima i FILM o tome ti bi reme to bar trebao da znas

bombasa ne bi ni kerovi pojeli da crkne hahahh samo bi srali po njemu","priroda"
"Znam tebra. Svesno je napisano ""eksperiment"".

""Grupa ljudi iz vazduha izbačena na Andima"".","priroda"
"Taj fazon reme.

moj drug je kao klinac zakopavao macke u sljunak i pesak da se zive podave, a sad zavrsava bogosloviju tako da i to nesto govori

Da, govori da su popovi jebene sociopate sto pricam godinama, nista ne govori o zivotinjama.

Haha pas pesrecan sto mu bacis loptu pa donese pa opet i tako dok ti ne otpadne ruka i to je zanimljivo, lol. Pezose pricam o tome kakvi klipovi postoju viralni, macke vs psi su odnos 10:3 u najbolju ruku, to dovoljno govori o tome koja zivotinja je zanimljivija. Msm mozes ti da ponavljas psi car macka gowno haha pisam vam u usta mora da ste hipsteri do sutra ali to ne cini da delujes u pravu, iako ume da bude zanimljivo za citanje.","priroda"
"Inace sve ovo sto pisem moze da se sazna za par minuta na guglu, ali je u prirodi vukajlijasa da kapslokuje svoje needukovano misljenje i pise pusi gowno ostalima, to je za vukajlijase konstanta kao za to da ce pas da umire od srece kad te vidi sve i da odes na 15 minuta jebenih xD","priroda"
"samo mi je zapalo za oko ovo needukovano znanje...druze pa ja sam najveci kinolog u istoriji ovog sajta, kako mislis needukovano??","priroda"
"U smislu da ocigledno nemas pojma o mackama npr posto lupas prilicno","priroda"
"a bitno da vi mackoljubci imate znanje o psima pa moze da vam se uvazava sta pricate hahah KOLIKO TE JE PASA UJELO AJDE RECI???

bombasu je bolje da nekad pomeri taj trosed i pokupi sva tanka smrdljiva macija govna koja mu macka skriva hahahah","priroda"
"Tilmo ti si video Van Persija ahhaha","priroda"
"Gambi nisi u pravu jbg
Psi su nas navikli da bukvalno mogu misli da nam čitaju pa te teško fascinira dok mačka glupa kad mahne šapom bude juuuuu vidi je šta zna","priroda"
"Ceo zivot imam pse, pez, trenutno i psa i macku. Pas me nije ujeo nijednom u zivotu, jesu me napadali copori kad zadjem u neke rakovice ili tako nesto ali nikada me nisu ujeli jer znam sa psima.

Boh pa delimicno i pricam o tome, psi su psi, nisu uopste nesto nepredvidljivi kao vrsta jer smo ih mi i stvorili da budu takvi kakvi su. A macke su same sebe pripitomile i genetski kod im je mnogo slicniji divljoj macki nego pseci vukovom.","priroda"
"I pas u porodici makar bila od 20 članova bira samo jednog kome slepo veruje
Dva Staforda sam imao tj drugog još imam
Prvi me nije jebao dva posto npr ćaleta je slušao do jaja iako ovaj nije provodio puno vremena sa njom
Drugi samo mene slušA. Kad krene na ulicu, na drugu životinju kad treba u kavez da se zatvoti kad poludi svi mogu da se deru ne jebe sistem ja mu nikad nisam rekao ne više od jednom da je trebalo","priroda"
"Hocu da kazem da macke  nisu genetski programirane od strane ljudi da se ponasaju na odredjeni nacin, zato su medjusobno dosta razlicite i nama interesantnije jer su nam misteriozne. Plus imaju mnogo jacu sposobnost za resavanje kompleksnih problema od pasa pa te iznenade necim bukvalno svakodnevno. Ja sam juce saznao da moja macka sama otvara prozor kad nisam kuci i bleji na rubu zgrade, video je spolja. Isto tako sama otvori fioku udje i zatvori se kad hoce da se sakrije da je ne vodim kod veterinara ili nesto xD","priroda"
"Gamb par postova sam pročitao kao da su ljudi videli životinje u zoo vrtu
Ne tvojih do duše
Od mačke namerno malim slovom mi je zanimljivoji i draži vilin konjic tipa
U dvorištu imam 3 komada nisu moje i ne prilaze kući baba ih hrani ispred zgrade i tu su
Ne mrzim ih, ja volim životinje al ono da l vrabac na grani il mačka isti kurac","priroda"
"https://www.youtube.com/watch?v=-6wbfijGL0o
bukvalno imas ortaka za bleju, tako da me cudi da bombas nema psa npr jer je dosta usamljen

pogle ti njega uzme da se sanka jebeno i da se zakucava u garazu hahahah.....nzm sta je zanimljivo gledati macku kako lize sama sebi dlaku po ceo dan

evo ovaj video gore od pasa i isto tako random video od macke pa procenite sta je zanimljivije

https://www.youtube.com/watch?v=oeLQ1EleIXk","priroda"
"eh tako je nedostajalo de gustibus non est disputandum diskusija, plavuše ili crnke imam čitav milion razloga da ti objasnim zašto si debil jet voliš jedne ili druge, nabijem vas na kurac retardirani","priroda"
"Bomb nije diskutabilno ovo jbg baš je očigledno.
Gambi ako ćeš nešto samostalno uzmi Malinoa
Znam čoveka što ga ima. Ne može da digne ogradu koliko ovaj mož da preskoči nema kaveza i lanca koji ovaj ne mož da izjebe al zato ode na česmu odvrne slavinu i lizuće mlaz onako kad je žedan hahah
Do duše glupan ne zna da je zatvori","priroda"
"ma evo imate gore videe pa sami procenite","priroda"
"Hah pa sta je ocigledno? Evo ja tri godine odolevao doslovno sam bio zivuljka u kucu ja iz kuce i na kraju morao kupiti macku, mislim zna biti dosadan i to, ali generalno ga ne osecas sere na terasi, jede i spava. Komsije imaju kerove, nekoliko komsija ustvari, druze to smrdi u stanu ili kuci kao u stali, seru, pisaju gde stignu ma pakao. Ja sa te tacke pricam, kad neko zivi u stanu, svakako mi je macka podnosljivija od dzukele, za dvoriste sta ja znam moze i ker, mada nikad nisam bio fan ni jednog ni drugog, eto jednostavno mi macka ne smeta kera ni za zivu glavu ne bih dozvolio da unesu","priroda"
"Ma kakav stan i ker i mačka
Samo dvorište. Na to sam se prebacio i na osnovu toga pišem
Sve je to lepo i nisam ja sad neki čistunac al nemeže mačka da mi skače u kući po stolu na kom jedem
Ni pas takodje, nema razlike","priroda"
"aliii kad bi morao da biram, onda definitivno pas da skace po stolu
jos buve sa macke idu na ljude hahah","priroda"
"Ja u stanu imam oba i stolu prilaze samo odozdo, pas da prosi za ljudsku hranu, a macka da doprinese zajednici tako sto mi pokloni vrapca sto je ubila na terasi xD","priroda"
"Pez I macke mogu da se zastite od buva kao psi haha a ako je kucna macka koja ne izlazi napolje ne moze ni da ih dobije","priroda"
"Hoce da skoci, ali retko bas, mislim s obzirom da moj kucni ljubimac jede kvalitetniju i skuplju hranu od Pezosa nema potrebe da mnogo skace okolo, miran je i sretan. Jedino sto je ustrojen pa ne jebe, ali ne jebe ni Pezos hahaha","priroda"
"https://9gag.com/gag/arG9OXd/this-fastest-dog-in-the-world

:O","priroda"
"ovo macka da nauci realno nema govora, keruzanju mozes dresirati to je tacno, npr kad bi zivotinje glasale velika vecina kerova bi bila za sns","priroda"
"Gambi ja sam imao terijera, Nlt, uporedo sa prvim Stafordom 17 godina žive za razliku od ovih rasnih koji su malo tupi ovaj je umeo da preko noći uhvati pacova donese ga na ulazna vrata odere ga jebeno i u stanju je bio da čeka celu noć na ulaznim vratima i da maše repom dok deda ne ustane da se pohvali
Drugi deda od keve tamo brave kad ispeče za slavu stavi na 30 cm visine od zemlje i samo svoju bluzu baci pored
Brka legne na bluzu i životom brani meso. Pazi meso isko kučići jedu mesu jeli
Ajd mački postavi tanjir s nekim jelom da se kontroliše 10 min a ne celu noć","priroda"
"Mada ja ovo što pišem sad Tilmo će da razume ko Magarac astrologiju i pitaçe me je l sam video to haha","priroda"
"hah, ali obozavam objasnjenja i argumente u vezi sa dogadjajima koji se desavaju u intervalu od nikad do jednom godisnje

ti Boxore cesto pred spavanje zamisljas sebe u situacijama koje se doslovno nikad nece dogoditi?","priroda"
"Boh to je tacno, pse je moguce dresirati za tako nesto, moj pas ne dira moje cevape kad jedem u krevetu, ostavim da odem otvorim vrata jer neko kuca, pricam 10 minuta sa osobom i pas se nije pomerio osim da ne da macki da pojede xD macke ne mozes skoro nista nauciti osim fazon da sere u pesak, ne ujeda jako u igri, ne grebe jako itd, samo da ublazi nesto svoje nagone, nista vise od toga. To sam vec i rekao, macke nisu pripitomili ljudi da im selektuju osobine kakve ce da imaju, divlju africku macku da dovedes u stan slicno bi bila ""pripitomljena"" kao neka sto ti udje u dvoriste.

I rekao sam da bi neke rase u zavisnosti od odgoja tj kolicine zaglupljivanja koje im ljudi prirede mogle da opstanu i u divljini, ali vecina ne bi jbg jer su genetski predodredjene da zavise od ljudi na ovaj ili onaj nacin.

Dok bi bukvalno svaka macka opstala napolju loveci miseve ribe i ptice, nismo uspeli da im sjebemo vestinu u lovu uopste makar za sada.

Sve u svemu obe vrste su do jaja na svoj nacin, psi imaju mnogo jacu socijalnu inteligenciju od macaka jer su potomci visoko socijalnih vukova, dok su macke potomci samotnjackih divljih macaka. Psi imaju jacu socijalnu inteligenciju, a macke problem solving jaci.","priroda"
"IMA KARAKTER....hahahahhaha.....reci ovo engleskom buldogu koji ima vise karaktera nego 99% ljudi na svetu....koji jebeno je tvrdoglaviji od svake macke i neposlusniji....ima preko 200 vrsti pasa samo tih rasnih priznatih od kojih je svaka drugacija, al ne mora neko ko se apsolutno ne razume bukvalno ni recenicu da sastavi o kinologiji mora da da svoje misljenje inace ce se smatrati jako neispunjenim danom....ajde bezite bre, macke sve od ove domace do one najdivljije tipa tigra i lava sve imaju isti karakter i dosadne su generalno, a psi, kolko god rasa postoji na svetu sve su drugacije, i ono sto pas moze da nauci tipa malinois ili border koli ili tako nesto ne moze ni simpanza jebena da nauci, aj mrs svi u kurac sa tim pricama o macijem karakteru....od tog njihovog karaktera samo dobijete da vam skrivaju tanka i jako smrdljiva govna svuda iza troseda i ugaonih garnitura, kad god im je dosadno iskopaju govno iz peska i stave ga negde vama ispod kreveta.....psi su 5000000 puta raznovrsniji i osobeniji i imaju vise karaktera od jednolicnih macaka na koje se loze hipsteri i mahom masa iz kruga dvojke

Ja se ne razumem u kinologiju?! Lol
Aj Pezos ne uzbudjuj se toliko i najbitnije ne smaraj. Kako si uopste uspeo ovoliko licno i potresno da shvatis macke vs. psi temu?!","priroda"
"Macka je polupripitomljena zivotinja i to ima veze sa genetskim kodom od ranije koji je skoro nemoguce promeniti, dok je pas toliko dugo evoluirao sa covekom da je cak od cistog karnivore postao svastojed.","priroda"
"Је ли кинолози моји круга двојке, где се набављају те фенси врсте, у кинотеци? XD","priroda"
"Imas kod Zabca u videoklubu. Kad nemaju kerova imaju heroina xD","priroda"
"karnivori kao deca smo se igrali","priroda"
"Lol sojo pas mozda jede krompir hleb i pecivo ali iskoristivost svega osim mesa je uzasno mala, nije pas svastojed iako jede na ulici svakakvo smece","priroda"
"Jeste svastojed, velika mu je iskoristivost. Pas bez problema moze ziveti bez namirnica animalnog porekla i to ti je zvanicni stav veterine.","priroda"
"Ja ne znam evo juce pricah sa valjda predsednicom kinoloskog saveza srbije o tome i ona mi to rekla kad sam pitao cime je najbolje da hranim psa, kaze povrce da jedu zbog volumena i vlakana samo","priroda"
"to ko je bolji je glupa rasprava, to zavisi od coveka ko mu vise odgovara.neko ne podnosi ni pse ni macke, voli ptice.pas moze da ti unisti pola stvari po kuci macka ne ali moze da ti bude ortak za fajt,bodi gard, dok macka to ne moze.","priroda"
"Pa o tome I jeste tema labo","priroda"
"Lupa gluposti. Ne znam sta je po struci, ali izjava je kriminalna.","priroda"
"pa nekom vise odgovara da drzi macku,nekom psa.ja vise volim macke.manje kostaju, nisu nikakva obaveza,ne prave buku itd.tako i psi imaju svoje dobre osobine","priroda"
"Moj macak bogami pravi buku kad u 4 ujutru uzme da mi lovi papuce i ves sa susaca npr, ko rat da je poceo","priroda"
"E sojo I veterinar moj mi je to slicno rekao kad sam pitao da proverim. Sad znam da ima debila koji prave vegetarijance od pasa ali mislim da to definitivno nije zdravo za njih","priroda"
"To prosto nije tacno. Stav nauke je da je pas svastojed i da moze da zivi ma biljnim hranivima. Na kraju krajeva to se i uci na veterinarskom fakultetu. Ima na ovom svetu svasta, ali cinjenice su cinjenice. Na kraju krajeva imas radove Sefera, on je najblizi strucnjak tog kalibra sto se ishrane zivotinja tice kog imamo, mozes i nazvati da pitas. Vazna je izbalansirana ishrana kao kod svakog svastojeda, ali pas odavno vise nije mesojed i jeste u grupi omnivora.","priroda"
"macke su uglavnom tako nemirne dok su male kad odrastu slabo jurcaju po kuci.moj legne na stolicu i drema.neverovatno koliko moze da ne jebe gazdu,kad je budan ja ga zovem on nece ni da se okrene,bukvalno kao da ne postojim","priroda"
"Aj menjamo macke. Ova moja vristi kad nisam tu, ne skida se sa mene kad jesam. Bolesno je vezana za mene, nece jede  90 posto hrane koju joj dajem, izmislja toplu vodu i lomi sve po kuci kad joj je dosadno.","priroda"
"E soja sve zna bukvalno nema poente ista raspravljati sa osobom koja u startu misli da je pametnija od svih drugih.
Prihvati malo.da ne znas nekad nesto...shvatamo da si jaka samostalna zena koja moze sve sto mogu I decaci ali ne moras bas da se upinjes uvek da OBJASNIS. lepo ti covek rekao precednica kinoloskog saveza + veterinar, sto oni kazu je > devojka koja je procitala par pasusa na internetu","priroda"
"A Pezose stvarno si majmun. Vec sam ti rekla da se ne potresas oko ove teme. 
P. S. Nazalost nisam procitala dva pasusa  i odabrala da pametujem po internetu, vec veterinarski fakultet da mi ovakvi kao ti sto sve znaju skacu po zivcima svaki dan. I da gledam greske ljudi koji 20 godina posle fakulteta nisu otvorili nijednu knjigu, ali su zato sposobni da sa takvim frikovima razglabaju do besomucnosti i glade im ego samo da im uzmu pare. A ti moras da cutis, da ne kanalis struku.
Jebote je l' te stvarno toliko potreslo sto vise volim macke od pasa?! xD","priroda"
"Al poenta ti je besmislena. Pas može da bude vegan. Pa može al nije jebote.

I peder može da ga stavi ribi u vadžajnu al to mu ne briše dnk grešku kojom je postao pederčina jbg.","priroda"
"Ne Tilmo, poenta je da je pas svastojed, a ne karnivor. Znaci ne spinuj i ne izmisljaj, vec probaj da procitas po Vuku kako je napisano.","priroda"
"Лол, само се морам убацити за псе, јесу званично сваштоједи, али не давати псу месо је практично злостављање животиње. Веганска дијета је изузетно нездрава и за људе, а камоли за животињу која потиче од чистог месождера.

Кад се псу да слободан избор, доказано је да ће 97% све његове исхране бити месо, органи и остале материје животињског порекла, а само 3% је све остало. Даље, псима је потребно више протеина него људима, као и масних киселина за кожу, крзно, очи и још много ствари, и ако желиш да пас остане здрав а да не једе месо мораш му куповати разне суплементе који ће да надокнаде све то, иначе постаје слаб, летаргичан, неретко и губи вољу за храном и водом уопште. Буквално сваки светски ветеринар и нутрициониста за животиње (који није добио посао преко странке) на свету се слаже да не треба псе хранити искључиво биљном храном, највише што су ""дозволили"" јесте да му дајеш рибу и јаја поврх биљне хране и да га редовно надгледа неко стручно лице. 

Много важније питање је ЗАШТО би ико био толика дебилчина да псу уклони све животињске намирнице из исхране, кад не постоји буквално ниједан добар разлог за такав поступак, и гомила разлога против","priroda"
"Evo je, klasika, cim gubi u raspravi od dominantnijeg od sebe iz nemoci pocne da vredja...jesam ja tebi govorio da si zrikava majmunka?? Nisam...tako da pokusaj da imas barem nekad neke manire...zamisljam te kako cackas nos dok ovo pises

I evo klasican student, ja to.studiram ja sad znam sve samo sam.ja u pravu","priroda"
"Psi jesu svastojedi. Tu se tema sto se mene tice zatvara. Znaci ne biljojed, ne mesojed, vec svastojed. A eticki momenat prehrane psa mesom/ biljem je druga tema.","priroda"
"Okej, možda može da svari povrće, al nešto nisam video da mašu repom kad ga vide.

Vuk je genetski najsličniji psu, ispravi me ako grešim.

I kad upadne u selo, ne krade zimnicu sa peglanom paprikom i pojede sav kupus iz bašte, nego prikolje neku ovcu.","priroda"
"Pezos sad si vec presao u ljuto trolovanje, a ne obicno. Btw prvi si poceo sa vredjanjem, a o ovo majmun, to je bilo milja.","priroda"
"pa dobro, ja ne verujem da bas postoji neko ko kerove hrani veganski kompletno","priroda"
"Thilmo
Vuk je genetski najsličniji psu, ispravi me ako grešim.

Pobeda.","priroda"
"Postoje ljudi bombas, ima ih cak i u Srbiji. Imas i ljude koji macke hrane veganski i suplementiraju im aminokiselinu bez koje macka ne moze. Ljudi rade svasta, jebu ovce, tako da to nista nije cudno.","priroda"
"pa dobro, ne bih ja pridavao na znacaju toj ubedljivoj manjini","priroda"
"Zamišljam Bohora na zelenoj pijaci, kratki šorc sa tankim nogicama, gore majca na bratele da viri tetovaža. Staford na kratkom povocu onako obmotanom oko ruke ga cima levo desno dok mu boh kupuje karfiol i artičoku da ga spremi za borbu.","priroda"
"https://4.bp.blogspot.com/-LCB4vd4Hvt4/Udgd5WCx9uI/AAAAAAACP5U/eIgN5cwF50c/s1600/7_0.png","priroda"
"Da se vratim na temu, više volim kerove, ono, kada pričamo o opštem slučaju, a pojedinačno zavisi od mačke do mačke.

Doduše, kada pričamo o psima, pričamo o onim većim od 10kg. Džumare, ovčari, haskiji i malamuti su do jaja.

Bravo Tilmić, vuk i pas su rođaci.","priroda"
"Sojo kakvu ishranu bi ti preporucila kao najbolju za psa? I pezos me zanima sta misli o tom pitanju, hocu psa da hranim najbolje sto mogu pa zato pitam.","priroda"
"Imas bez zitarica one hrane, vrhunske su. Ako ces kupovno. Ako neces, uzmi pola pirinac pola meso po obroku. N&D je najbolji u tom cenovnom rangu, odnos cena kvalitet.","priroda"
"Prdi mnogo lose od pirinca ne mogu to osim kad je bolesno jbg

Nemam problem meso da joj dajem i slicno takodje, nije mi nesto bitno koliko kosta hrana","priroda"
"Onda probaj N&D vidi kako ce ici. Hrana je jako dobra, tako da ce odraditi super posao ako je osetljiva na zitarice.","priroda"
"Hvala. E a jel te macka budi nocu? Ne znam kako ovom mom da objasnim da mi ne lovi papuce, noge ispod pokrivaca i slicno, osim da ga izbacim iz sobe kad radi to","priroda"
"Mene ne budi, jer mene ni top ne moze da probudi. Nema leka, carape i prekrij noge. I ne mrdaj se. Nisam ti ja bas najbolja da me pitas za odgoj macke, moja je ekstremno neodgojena. Koliko je star? Inace to rade kad se nauce kao mali na ruku, nogu za igranje i jako se tesko kasnije ispravlja ta navika.","priroda"
"mene je jedna savetovala da macke hranim samo granulama,imaju kao neke kvalitetne granule koje sadrze sve sto macki treba i to je to.tako joj rekao veterinar.ok moze macka da se hrani tim granulama, cim hoce da ih jede ali davati macki ceo zivot samo granule taj ko to radi treba ga ubit.ne znam sto neko ne bi davao psima i mackama meso da jedu kad ocigledno to vole.a ta sto mi je rekla nema jebenih 40 kg i ona prica nesto o ishrani.ne treba biti nikakav strucnjak da bi nahranio psa ili macku.samo kuvano meso, neslano i to je to.moze nekad granule,salama..","priroda"
"За стан су боље мачке или тако неки пекинезери и ти мањи пси јер држати нпр. хаскија који је генетски предодређен да дневно прелази по 50-100 километара по снежурини у затвореном стану и шетати га два пута фазон по пола сата у комшилуку је бесмислено....
А лично су ми бољи пси, мада су и мачке ОК, на викендици их имамо неколико (заједно са комшилуком) и кул су, ал' генерално гледано, осим за ловљење мишева су практично бескорисне док су пси и нешто интелигентнији па их се и лакше истренира, далеко су кориснији па су и у широј употреби, од полиције, војске, преко лова, сточарства па до слепих итд....","priroda"
"i jedno i drugo je gowno i ne bih držao u stanu/kući i ne mislim da sam nešto gori čovek što to kažem od ovih što su po ceo dan kucomaco mojpas znaškakavje

imao sam i pse i mačke kao klinac, istina je da se čovek veže jebiga posle nekog vremena, al počne da ti utiče na život previše, gde ćeš ga kad ideš na odmor, pa hrana, pa ti uništi sve po kući, pa ko će ga u šetnju, pa kod veterinara, zajebi
oduzme ti previše vremena, konstantnu brigu, a ne možeš mu ništa kad je već tvoj i kad si se vezao
i onda sam jednom shvatio da je bolje nemati uopšte, opuštenije se živi, kad pustim film ili čitam nešto neću da mi se mačka penje na glavu ili da mi ker skače po nogama i sere gde stigne, hoću mir svoj jbg

al npr. onaj fazon ker u kućici u velikom dvorištu mi je skroz ok priča da se razumemo, ili 3,4 mačke što ti bleje po bašti a nisu čak ni tvoje, malo ih nahraniš i to, i to mi je ok isto","priroda"
"kome god iznesem ovaj stav u ril lajfu budem napljuvan obično, ali nemaju argumenata da kontriraju osim onih patetičnih: stekneš prijatelja za ceo život (tačnije negde 10 god max al ajde), dočekuje te veselo kad dođeš sa posla i sl.
ma daj zajebi me s tim","priroda"
"Sojo ne videh da si editovala post do sada.  7 meseci ima macak, nadam se da ce se oduciti ili ce spavati u nekoj drugoj sobi zauvek xD","priroda"
"jos je mlad smirice se vremenom.inace ni psi ni macke nisu za stan.nijedna zivotinja nije za stan","priroda"
"Ovo sto rece labokv, on je jos u pubertetu. Bice sve mirniji kako napuni godinu dana, oko druge bi trebalo da postane vec macka koja mrzi ceo svet. Naravno sve je to individualno, ali on je jos mlad jako da bi bio miran.","priroda"
"Kakav bre pas u stanu, to smrdi ko deponija. Još kad krenem na posao ujutru u 7, a napolju kijamet, nevreme, užas, a vlasnici pasa sa podočnjacina šetaju ove po kaljugama. Beži bre u kurac.

I šta posle kad tako štrokav pas udje u stan, kupaju ga ili šta. Mada sam često pomazio pse od komšija i posle mi ruka smrdela na leš pa sam išao u appteku da kupujem asepsol.

Inače ljudi što drže pse po stanu su na dnu higijenske lestvice. To se linja, smrdi. Ceo stan je u jebenom kurcu.

Pas je samo za dvorište.","priroda"
"Ja imam 6 pasa neki veci neki manji, a jednosoban stan nas dve porodice I uopste nema ni smrada ni nista ako se odrzava I cisti","priroda"
"Znači Bombas laže za garsonjeru i broj ukućana. Znao sam.","priroda"
"Ja imam 6 pasa neki veci neki manji, a jednosoban stan nas dve porodice I uopste nema ni smrada ni nista ako se odrzava I cisti

Значи псећа породица и људска коју чини пезос. Па ти си друже - кучкар","priroda"
"6 pasa u stanu, au","priroda"
"To je hordasenje.","priroda"
"Karnivorsix","priroda"
"Xexe","priroda"
"Hahahah da l me jebete da na ovaj Pezosov post odgovarate ozbiljno.
Kao auu matori vas 12 i 6 kerova u 24 kvadrata svaka ćast
Hahaha pa jebote","priroda"
"imam 0,17 bitkoina ocu da se kockam, kako?","priroda"
"vlasnici pasa sa podočnjacina šetaju ove po kaljugama.

Vlasnici ili ćuke sa podočnjacima? SKEČ","priroda"
"Pas! Zatvori ti mačku i kuče u gepek i ostavi ih tako neko vreme, kad otvoriš gepek ko će ti se iskreno obradovati, pas.","priroda"
"Zasto bi to radio lol","priroda"
"Kako drugačije videti ko ti je odaniji? Volim ja i mačke ali pas je pas, postoji priča da su dvoje imali mačku i kada su dobili dete zaboravili su na mačku i svu pažnju naravno posvetili detetu. Mačka se valjda osetila zaboravljenom iskoristila je priliku i izgrebala je toj bebi lice iz pakosti. Davno beše kada sam to čuo ali verujem da je istinito. Inače ja sam kao beba jahao pit bull-a i vukao ga za rep, čik probajte to sa mačkom.","priroda"
"ima neki utisak da se manje grade igralista za decu nego kereci parkovi kako bi roditelji placali igraonice kojih ima na svakih 7 metara.na jednom(gotovo sam siguran i jedinom) igralistu za decu na bulevaru evrope deca maltene jedna drugima na glavi stoje i igraju se.pored u kerecem parku maksimalno 5 kerova od kojih su 4 ona mala,pa bi se moglo reci da ima 2,31 pas u parku koji je 3 puta veci od igralista koje je u sklopu i neke teretane na otvorenom gde neki penzosi vezbaju.","priroda"
"Lol skodilak proveris ko te vise voli tako sto maltretiras subjekte, logika na nivou xD","priroda"
"A jebajga to je najlakši način da proveriš, nakon testa daš subjektima nešto da omaste brke i zaborave oni to još pri prvom zalogaju. A pre koju godinu dok sam imao mačora, spava mačak napolju i ja pustim psa, dođe ker do mačora, maše repom i njuši ga, a mačak se nakostrešio, sikće i grebe psa po njušci. Treba osnovati međunarodni sud za izmeđuljubimačke odnose i izmeđuljubimačko nasilje, a ne da mačke kale bes na radoznalim, razigranim, veselim i prijateljski nastrojenim psima. Dole tiranija mačaka(sprdam se).","priroda"
"Zatvori ti mačku i kuče u gepek i ostavi ih tako neko vreme, kad otvoriš gepek ko će ti se iskreno obradovati, pas.

Лол, ово је стари виц за жену и пса, нема везе с мачкама","priroda"
"Macke I zene su slican kurac da se ne lazemo, lako se dure, hoce dosta paznje kad njima dune kurac, ocekuju da im placas hranu itd

Moja macka mjauce na mene pola sata kad nisam bio kuci ceo dan i dodjem gajbi, bukvalno kao da me smara kao gde si bio sto nisi dosao ranije sta si radio, pa me njuska, jebem ti zivot ista bivsa riba","priroda"
"Moja macka mjauce na mene pola sata kad nisam bio kuci ceo dan i dodjem gajbi, bukvalno kao da me smara kao gde si bio sto nisi dosao ranije sta si radio, pa me njuska, jebem ti zivot ista bivsa riba

Možda je dobila teranje.  XD","priroda"
"Ok usvojio sam stene 3 meseca staro, jazavicar, zenka i moj zenski pas pokusava da je jebe vec nekoliko puta za par sati. Zajase onako ko musko, stisne je sapama i radi kukovima. I lize joj picku stalno bas napadno. Inace je sterilisana jebeno, ajde neko ko se razume da mi kaze skk se desava jezivo je","priroda"
"ker ti je transgender","priroda"
"набави мушког кера и средиће се ситуација","priroda"
"Bosanci odjebite sa pokusajima humora pls ozbiljno je pitanje","priroda"
"sorry","priroda"
"Ја сам босанац таман колико и ти","priroda"
"Gde si je sterilisao i kako? Msm sta ti je vet rekao sta je sve vadio?","priroda"
"Petar Pan Pezo$
a bitno da vi mackoljubci imate znanje o psima pa moze da vam se uvazava sta pricate hahah KOLIKO TE JE PASA UJELO AJDE RECI???

bombasu je bolje da nekad pomeri taj trosed i pokupi sva tanka smrdljiva macija govna koja mu macka skriva hahahah

bombas
ovo macka da nauci realno nema govora, keruzanju mozes dresirati to je tacno, npr kad bi zivotinje glasale velika vecina kerova bi bila za sns

ахахахаха","priroda"
"Uzeo sam je sterilisanu ne znam to","priroda"
"A brate druzi se sa sterilisanim muzjacima stalno i nikada to nije otislo dalje od njuskanja dupeta","priroda"
"Da li mi je kuce gej pedofil","priroda"
"Ili psihicki poremecaj usled neadekvatnih uslova drzanja ili joj je ostalo ponasanje od ranije ako je imala leglo sto je od prilike sansa jedan u milion. Ili se veterinar napravio pametan pa podvezao jajnike sto znaci da ti je pas u povecanom riziku od svih mogucih tumora sekundarnih i primarnih polnih organa. Moze biti i da je ostavio deo jajnika pa ima hormonsku stimulaciju. Na kraju krajeva kod kuja su normalne lazne trudnoce, samim tim i lazna teranja. Trebalo bi da joj uradis ultrazvuk. Koliko je kod tebe? Je l' ovo prvi put da se desava?","priroda"
"Kod mene je dva meseca, mozda tri. Inace okotila se pre te sterilizacije to su mi rekli, je l to to leglo sto pitas? Hvala za savete inace","priroda"
"Hm... vidi ovo su ti najgori scenariji. Ja bih je odvela na uz cisto da proverim da nije podvezao jajovode, jer ako jeste (a neki jos nisu napustili tu praksu) to moze da bude opsta katastrofa. Ako je ostavio deo jajnika tu vise nista me moze da se uradi. Msm da ima teranje koje ispoljava tako, mada psi tako pokazuju I dominaciju. Moguce je I da se oseca ugrozeno zbog drugog psa u kuci pa hoce da izdominira naskakivanjem, mada su tome skloniji muzjaci, ali nije iskljuceno. Msm u svakom slucaju ce se jako tesko videti sta je uradjeno zapravo.","priroda"
"Ker mi naskace na nogu, da li da odesecm nogu ili keru glavu?","priroda"
"Hvala sojo","priroda"
"Ok usvojio sam stene 3 meseca staro, jazavicar, zenka i moj zenski pas pokusava da je jebe vec nekoliko puta za par sati. Zajase onako ko musko, stisne je sapama i radi kukovima. I lize joj picku stalno bas napadno. Inace je sterilisana jebeno, ajde neko ko se razume da mi kaze skk se desava jezivo je

nema ovo veze najcesce sa seksualnim apetitima, nego pas tako pokazuje dominaciju

to kad uvati ker da jebe onako nogu od coveka u principu odma znas da mu taj covek nije autoritet

moja mala zenka je glavna u odnosu na muzijaka, redovno mu da porciju da ga tako iskara malo cisto da mu bude jasno ko je gazda","priroda"
"Koga briga za tvoju dzukelu","priroda"
"Nadam se da je samo to pez videcemo","priroda"
"Пез у раљама сурове женске доминације","priroda"
"Hahahahahhaha xD","priroda"
"Mačke. Nikada neću voleti pse na način na koji volim mačke. Ne samo domaće nego sve mačke. Od lava do najbednijeg uličnog mačeta.","priroda"
"Mačka u stanu. Stambena zgrada, znači ne izlazi napolje.

Za ili protiv.

Oni koji čuvaju mačke u stanu, i oni koji su probali i odustali.

Samo me iskustvo zanima.","priroda"
"Ja imao degua i skočio mi dole sa terase.","priroda"
"viđao sam kako im turaju povodac kao kerovima i vode ih vani da hodaju. sedeo sam u parku i video neku devojku kako to radi jednom crnom mačku. reži i sikće na nju, dođe meni i sasvim je pitom bio i kulturan.","priroda"
"nista ako je zelis, samo nemoj drzati prozor otvoren na kip jer neki su imali iskustva da im se udave tako il polome kicmu (debili?) jer podju za nekim pticuhom; i drzi beskonacne zalihe hrane jer nista nema kraca creva od macaka
i ne petuj je previse jer preziru ljoobav
i maksimalno si ispostovao jednu macku","priroda"
"Kuckari ili mackari, koji su veca govna?","priroda"
"Pas je prijatelj, mačka je parazit. Prove me wrong.","priroda"
"brate, macka je. postojace tu, smrdece i ostavljace dlake po kuci, vremenom ce nauciti da sere u pesak, i dremace po ceo dan po foteljama, uglovima i ljudima. 

disklejmer: imao sam macke u kucama samo, uglavnom su bile po dvoristu, al ovako je izgledalo kad nisu u dvoristu. 

i bilo je pre cca 30 god.","priroda"
"Pas je prijatelj, mačka je parazit

+100","priroda"
"Galantni kosovac
Kuckari ili mackari, koji su veca govna?

Kučkari, i nije ni blizu.","priroda"
"uglavnom im svi seku kandze kad su u stanu ako postanu previse feral, e sad ne znam koliko to smeta macki samoj","priroda"
"glavni hobi sa ljudima ce joj biti da kulira jednoj osobi u krilo, da se mazi, prede i sve, al samo jednoj odabranoj, ko je ne ferma mnogo, i da ti grebe decu u random intervalima.","priroda"
"Mackari su simpovi simpuju mackama dok ih macke gledaju ko robove,a psi su bratine.","priroda"
"kerovi i kučkari, ne zna se ko je poganiji.","priroda"
"meni moje macke nekad daju mrvice ljubava tako sto mi namestaju glave da ih ceskam i meni to dosta jer sam spinster cat lady...malene moje","priroda"
"Macke su za usamljene babe.","priroda"
"selim se s' mackama' na gerijatriju'","priroda"
"onaj degenerik od ćaleta mi bio ispred neke valjda muzičke škole zbog nekog razloga nedavno, bio tu jedan ker zvani Дино. i dođe mu ker do noge ono polako i počeo da grize. tek kada je probio hlače, onda se potuko sa Дином i rekao: ""mIsLiO sAm Da Se On ŠaLi I iGrA."" i neka ga je ujeo, neće mu opet pasti napamet, zaradio je svoju školu pred školom.","priroda"
"Kuckari ili mackari, koji su veca govna?

kuckari su govna na ulici, npr kad krenu neke doge od 100 kila da ti mirisu muda dok se ti razmisljas oce li ga ti odgrizu kurac dok kuckar prica ""sram te bilo nebojsa, ne brini se, on to tako, nije opasan"" nisu bas kao macka koju uglavnom boli kurac za prolaznike. upadljiviji.

mackari tek kad im udjes u kucu postaju nepodnosljivi.","priroda"
"u kom segmentu su ti mackari nepodnosljivi mislim sta te kod njih trigeruje","priroda"
"Kuckari su gori neuporedivo","priroda"
"uglavnom me trigeruje cca 20 macaka koje sede po stolu, kaucu, televizoru, WC solji, sanku i slicno i pogled mackara kad sklonim neku od njih.

takodje i to sto kad izadjem izgledam ko vuki iz star warsa.","priroda"
"pricam o ekstremima. normalni kuckari imaju obzira na svoje kuce i sta je i ostale ljude, kao sto i normalni mackari imaju jednu macku negde, jebem li ga gde je.","priroda"
"kuckari te napadaju zubima svojih najdrazih ljubimaca, mackari te tiho pasivnom agresijom ciljaju u nerve","priroda"
"idem ja kroz selo gde sam neko vreme živeo, bio je prepun kurac mačaka i malo kerova. vladala je tišina. ali sada svi majmuni glupi mongoloidni nabavili kera, ne možeš opstat od zvuka, jedan krene da laje, pa svi se pridruže. onda jedan majmun stavio kavez odmah pored puta da ga ne možeš zaobić i jebenog kera Рекса koji laje na svakog ko prolazi i skače sa strane na stranu u kavezu, kad bi ga pustili, bogzna šta bi avetinja uradila. to me nervira neopisivo.","priroda"
"Gekoni pa 10 mesta prazno.","priroda"
"Drugar i žena otišli na more i ostavili mi mačka (zeleni seljački mačak, kastriran, dosta krupniji nego što su mačke obično) da ga obilazim i hranim. I jbg dete sa sela, nikad nisam hranio mačke granulama i ne znam koliko treba, nego mu sipao gomilu hrane i kontam - inteligentna je životinja, znaće koliko mu je dosta, bolje da ima nego da gladuje...Kakvu slotinu sam od njega napravio za 10 dana, ovi su se prenerazili kad su stigli kući. Mačak je hejter i kompleksaš btw koji mrzi ceo svet, al me je ""zavoleo"" baš mnogo, kad god banem skoči i trlja mi se o noge (naročito od kad su ga stavili na dijetu, to mu je baš teško palo).","priroda"
"Kakav konj od mačka xD Preogroman, posle su uzeli francuskog buldoga, leši ga ko od šale https://scontent.fbeg9-1.fna.fbcdn.net/v/t1.15752-9/41843199_2137739939815291_3248597500440870912_n.jpg?stp=dst-jpg_s2048x2048&_nc_cat=108&ccb=1-7&_nc_sid=ae9488&_nc_ohc=fg05YOHpZlcAX_gM4hD&_nc_ht=scontent.fbeg9-1.fna&oh=03_AdRLY26mU-1COortkjmB7NwrLKwvEk6kpLj1uk2A90cbyw&oe=639E2923","priroda"
"prelep je","priroda"
"e a znas sta je najgore. kad se neki -ar nije bitno koje sorte utripuje da mu ta zivotinja dete ili tako nesto.

MELKOR
ovo nije bas toliko ekstremno i mislim da nije zlonamerno, al pre nekog vremena pricam ja kako jbt ne moze niko da spava od deteta vec duze vreme, nikako da se sredi da ne kmeci nocu, i sad ta osoba (-ar, ima i jedno i drugo) valjda da pokaze kako me razume ili stavec, krene pricu kako i ona ne moze da spava jer macka ili kucka jebem li ga sta cvili nocu pa mora ovo mora ono, poce da jadikuje vise od mene jer ne moze da nauci itditd...

bio sam kulturna osoba i rekoh, ""jeste, jbg, nezgodni su"" a mislim se jbt, to tvoje mozes da a) zatvoris u sobu i da te boli kurac, b) izbacis napolje i da te boli kurac, c) ubacis u auto, odvezes negde, izbacis napolje, produzis i da ceo svet zajedno sa tobom boli kurac za to, d) eutanazujes ako ti mnogo ide na kurac, i takodje da niko ziv ne trepne... imas toliko opcija koje ja nemam jbt. ali ok, kapiram. 
ROKMEL","priroda"
"Dogs foreve, poy mwa https://scontent.fbeg9-1.fna.fbcdn.net/v/t39.30808-6/305926405_10225269511198822_1402081954521657193_n.jpg?_nc_cat=111&ccb=1-7&_nc_sid=730e14&_nc_ohc=K8Ysm0lybbEAX84Dllb&_nc_ht=scontent.fbeg9-1.fna&oh=00_AfCLuNvrO-JE3fkMSq-Dw7NvE8IJ0vrKgp7Hvg6AjP8hGg&oe=637B4EF1","priroda"
"prelep je

Hvala, stalno mi to govore kada im pokažem mačora.","priroda"
"ovo nije bas toliko ekstremno

To je slika od tipa trećeg dana, poslao im fore radi da vide kako je šatro sve ok, mačak uživa zezamo se. Posle se tek natovio, te slike nemam nažalost. Jbg Celt to sa ljubimcima ume da bude ko sa kockom, kafanom, krekom...Navuku se ljudi i kompenzuju se na tim  jadnim životinjama, nadomešćuju kojekakve nedostatke na njima. Mada opet imaš i ljudi koji su u takvoj i tolikoj depri da bi se bez tih životinja roknuli.","priroda"
"BTW ovo je jedan od najdirljivijih i generalno najboljih videa koji postoje na y

https://www.youtube.com/watch?v=RUaEDuxAVhY&ab_channel=Channel4News","priroda"
"ma kapiram melkor sve to sto kazes, nikad i ne bih dirao u tako nesto, niti jesam, vise jedem govna o unutrasnjem monologu na mackare i kuckare. cisto kao ilustracija. 

vidis da sam ga melkorovao?","priroda"
"Umeju vlasnici pasa i mačaka da budu pretoksični da, to ne osporavam.","priroda"
"Mačke su gore, kučkari su gori. 

Ker u stanu, bolest.

Kutrak je za u dvoriste, da laje kad neko dolazi i za lov. 

Mačka moze neka u dvorištu, da lovi miševe i pacove.

To je to od životinja koje ne daju meso, mleko, jaja ili krzno, što treba da poseduješ u životu.

Za stan može eventuaaaaalno afrički jež jer su preslatki","priroda"
"Moje dete će sig imati fazu da želi ljubimca, upisaću je na časove jahanja, ima blizu Niša. Ili na neko strelište da pucamo glinene golubove.","priroda"
"afrički jež

izguglah. crni je kul, albino nije za u kucu.","priroda"
"https://scontent-zrh1-1.xx.fbcdn.net/v/t1.18169-9/10805715_1511102032497593_8456392514463941807_n.jpg?_nc_cat=111&ccb=1-7&_nc_sid=e3f864&_nc_ohc=3GzEDYVtiHwAX88w7YO&_nc_ht=scontent-zrh1-1.xx&oh=00_AfB6XWFStptruHK4s5JB6wOIP2oEfFSxo6MjAj_Zgo_EMQ&oe=639E3B1C

crni: slatko milo stvorenje, dodji cucucucu
beli: demon","priroda"
"Imali drugari ježeve, žalili se da ne mirišu najlepše. Imali smo kućnog psa 12 godina, bila banja sa njom pošto je bila preinteligentna i prevaspitana.","priroda"
"Dobila sam mačku na čuvanje. 5-6 meseci. Njoj nema nazad jer se tako skockalo sa prethodnim vlasnikom.
I sad je moja.

O vlasnicima kućnih ljubimaca imam i definicije jer su me užasno nervirali. Posebno oni tipovi koji nisu imali nijednu temu za razgovor osim dogodovština svog ljubimčeta. Uzgred, 
nii moja mačka nije ni glupa, ni ružna ali koga briga. 

I dalje me daveži nerviraju. Svakome njegovo mezimče najpametnije i najlepše.
U to vreme su mi pretili raznim poklonima za rođendan: te maca, te kuca (lepo sam im rekla da ću to na volej i ćao).","priroda"
"o ne opet ova rasprava","priroda"
"ало београђани јел шетате мачке на повоцу и даље хааххаха бедници","priroda"
"Mi u zgradi imamo dva mala crna pantera

https://ibb.co/vhxp5Nn

I sa jednim sam se baš sprijateljio

https://ibb.co/PDCmD9r","priroda"
"daj meni tog sto ti je visak","priroda"
"Ma nije višak, mace uživaju, imaju zatvoreno dvorište gde ništa ne može da uđe da ih napada, a tri ulaza ih hrane.
Ali ova druga je mačka nepoverljivica, dođe do praga prede i umiljava se ali neće da uđe, da je ne zatvorim :) ako ostavim hranu u hodnik zgrabi je i beži napolje :D
Ima još dve velike, ukupno četri imamo.","priroda"
"Kakva je tvoja maca Toma? XD","priroda"
