post,tema,topic
 psa voleli jednostavno vole pse vam omiljena rasa kakve pse volite ophodite prema ja lično najviše volim pse fci grupe a nekako najomiljeniji bulmastif uopšteno volim velike masivne pse httpbestnewpetcomwpcontentuploadsjpg httpanimalworldcomdogsworkingdogbreedsimagesbullmastiffwdwapdjpg httpwwwgreatdogsitecomadminuploadedfilesbullmastiffjpg,priroda,2
 volim preterano mesanca ,priroda,2
najviše volim haskije jednog pedigreom,priroda,2
ja mešanca haskija al dosta povukla kevu haskijamajko mila volelo kopa po dvorištu,priroda,1
 prekjuce stanu mopsa mjeseca tata vodio park vraćao istrgao mu ruku iskocio ulicu klepilo auto mjesto mrtav ostade a ovamo selu čukelicu malu cijepa papire pred vrata donosi svadta e govece ludo najvide volim zlatne retrivere darplanince jednog skroz bijelog,priroda,2
tata vodio park vraćao istrgao mu ruku iskocio ulicu klepilo auto mjesto mrtav ostade jes ćale klinka godine ker istrgne mali ubio ti ćale kera ,priroda,1
 vakog httpwwwjustdogbreedscomimagesbreedsbernesemountaindogjpg volem velike kerove nit dugodlake a napucane čukele tipa pitbul staford dabanerija žedća pticari verovatno omiљeni vako httpwwwdogscentralcomdogbreedsimagesgermanshorthairedpointergermanshorthairedpointerimagejpg,priroda,2
jes ubio a dobili prije mjesec dana čukela ubije držao lagano mirna pomami ja dođem pocne skace po kući sreće ,priroda,1
ja volo dimam mastifa valja hraniti,priroda,1
volim svakakve nekakve recimo rot prelep a volim mesance nemam cetvoronogog drugara nemam dovoljno dobre uslove a nekada budem imala usvojicu nekog mesanca,priroda,1
ja obožavam mastife molose uopšteno al stanu nekako ide tolku kerusinu mučiti stanu a mešančine kul kompleksa,priroda,2
httpwwwnestaocomwpcontentuploadspictjpg skinuo neta pošto nemam sliku psa kompu mešavina jazavičara pinča čivave vidjao takve pse ns austriji navodno austrijski pinč ja siguran našao štene ženkicu jako mala ulici stavio jaknu odneo kući napolju jedno minus deset celzijusa kontao smrzne ugine a uslove držanje psa ni hteo nekom poklonim ostala mnom godina neverovatno inteligentna odana uginula depresiji meseci užas ,priroda,2
ja detomesecnu zenku patuljaste francuske aprikot pudle trenutno brata rodjenog volim pametnijeg psa progovori dana ukapirala trazi ide napolje wcda sedne komandu ostavi sme dirajedino strasno razmazila spava krevetu upisa srece dodjemo kuci wc idem redovno grebe vrata udje slludo kuce gradi,priroda,2
httpnetoglasiorgimagesjpg inače ja mačku kerovi žene muškarce ženskim egom kera lako kontrolisati povisiš ton on odmah spusti repić uši sagne blajvne porodicu felidae truda mačku moraš shvatiti stekao njeno poverenje ker tupav rođen tupav služi ker najbolji čovekov prijatelj prodao mangulicu ,priroda,2
 lupaj bebop majke ti,priroda,2
 pas httpasphotosakfbcdnnethphotosaksncnjpg omiljena rasa httpmojpasrsimagesstoriessverasefcinemackadogajpg nemačka doga volim velike pse,priroda,2
 lupaj bebop majke ti pomenuo osobe neodlučne vole kerove ti elvis zašto obrisao prošli komentar ,priroda,1
 bezobrazan predstavlja generalisanje netačno sasvim dovoljan razlog obrišem a neodlučnost,priroda,2
 bezobrazan generalisanje jeste naučno potkrepljeno dokazano vidim loše tome ,priroda,1
bebopeimaš temu mačkepa kači persijanerku ja imah jedno drugoviše volim mačkeovo prvi pas spemuj izvodi jednosmerne zaključke ljudima vole psejer pije vodu nikako,priroda,1
ja spemujem iznosim mišljenje pošto dosta loših iskustava osobama vole kerove bogu sreće upoznam ljude drugačijim moralnijim razmišljanjem manite tog paorskog slenga pije vodu,priroda,2
spemuješkao rekohimaš temu mačkepa veličaj rekao loša iskustva isključivo horoskopskim znakom bik npr znak nižeg reda vidim ti znaš zeka pije voduupsmačka,priroda,2
 deluje interesantno pitanju majmunoliko pinc httptgstaticcomimagesqtbnandgcqwtbavghgeshkrxkjeegqsjcqxmqpcpkgdqdkvdwg glasove dajem httpmojpasrsimagesstoriessverasefcicaucaujpg,priroda,1
 veličaj ja nikoga veličam zapamti neću ponavljati arogancija gordost vređaju povući žene emancipacija vakcinišeš kera,priroda,1
 dve rase jako volim iako zgrozi vididobro popularni masovni retriveri stafordi retko sreće napuljski mastif httpuploadwikimediaorgwikipediaenneapolitanmastiffmaleheadjpg httpwwwcanadogscomimagesneapolmastiffadultjpg httpwwwironstonenetimagesdoggif bulterijer posebno omraženbezrazložno netipičnu glavu odma izgleda odvratno nekima al inače zabavan pas httppetcaretipsnetbullterrierjpg httpwwwtodopetscomrazasperrosimagenesbullterrierjpg httpwwwpuppyparadisecomimagesbreedsbullterrieradulteatpfjpg,priroda,2
 bebop rekoh imala nit nadmeno nit arogantno skladu tvojim postom a postoji tema mačke vidim razlog zašto kačio temu kinologija izvodio nebulozne zaključke ljudima vole pse,priroda,1
 staforda video izložbi ni znao rasa doba mom gradu dva staforda klinci naložili gledajući gengsta spotove uginuo dve godine uskoro uzimam takodje staforda tri godine eve stari httpitinypiccomyvlejpg a novi httpitinypiccomigfapjpg doberman vučjak takodje svidjaju,priroda,1
a uzimaš odraslog psa strašno preterana populizacija uništi jednu rasu eto čist primer stafordi trenutnoviše vidiš skoro čistokrvnog staforda klinci pomamljeni uzimaju snalažljivi prodavci mešaju svašta neupućenim klincima prodaju pod staforde,priroda,1
sećam staforda jednog devedeset nekemoja drugarica imala mužjakabežogroman biostalno vodili izložbe jako miroljubiv igrali njimgnjavili edit trebalo pas odraste uz tebetj uzmeš štene odraslog psa,priroda,2
srna volim ,priroda,2
drug oženio a pasa keve izfinansira hranjenje ja a jako miroljubiv odlučio ja uzmem moram brinem dresure izbalansirane ishrane mu kondiciju nabijem njim biciklom idem okolnih sela jeste pravu previše većina mužjaka liči ženke klinci brzo odustanu znaju izdresiraju smešno izgledaju džukac vuče po centru prelepa rasa išao bg specijalku njim izložbe ovako taman sazreo otišao faks redje dolazio manje njim vratio ovom posvetim edit tačno maro ovog vezao štene vremena polako,priroda,1
 pekinezerku godina skoro rođendan a volio imati čehoslovačkog vučjeg psa obožavam vukove a ovi isti,priroda,2
ja baseta httpcdnwwwdailypuppycommediadogsanonymousbentleybassethoundjpgwjpg httpwwwdogswallpaperscomusercontentuploadswallobassethoundpuppyjpg,priroda,1
jeste lepa rasaa ljudi vole džibera smatraju agresivnim borbi pasa eksploatisanjima svrhe bebop hahahmwax,priroda,1
 pomenuo osobe neodlučne vole kerove generalisanje ker tupav rođen tupav služi ker najbolji čovekov prijatelj prodao mangulicu transfer enivej volim kerove kuce jednog pticara dva komada skoro rodjena braca znalo luđi veoma zanimljivi prvi pogled blentavi balave skaču slušaju prvi pogled a caka šetati ljudi deluju agesivno a stvari puni energije retku priliku šetaju trče skaču živo ja šetam otvorenom van naselja izvedem lepo proplanak štema zajedno daluje znaju sobom međutim sasvim suptrotno kreću osmicama prečniku metara trče jednog mesta izvide situaciju dođu nazad naredbe nastave suptrotnom smerui udaljavaju previse trče ni zečevima ni ostalim avlijanerima odobrenja stvar bolja niko dresirao,priroda,1
httpfarmstaticflickrcomfdfbojpg dupe prodao nek puta čuvam,priroda,2
ja vojvodjanskog pulina kazu najinteligentnija rasa glupo httpiphotobucketcomalbumshhslavonskibrodnalajpg slike manji ker d,priroda,2
a volio imati čehoslovačkog vučjeg psa obožavam vukove a ovi isti postoji sarlosov vučijak sličniji vuku al postoji srb dve vrste,priroda,1
httpzooberzapoljomasinenetoglasislikedeeaffeecfbejpg deda ovakvog malasila psavozio stalno čamcemsedne pramac prvi uskočiodličan čuvar,priroda,2
postoji sarlosov vučijak sličniji vuku draskovicu,priroda,1
po lepše mističnije rase httpuploadwikimediaorgwikipediacommonsffsiberianhuskycopperbieyejpg,priroda,2
httpbpblogspotcomcjcalsydetiohfxersiaaaaaaaainewpbyuoaugsshowmainimagejpg a ovom vrstom ,priroda,2
httpuploadwikimediaorgwikipediacommonsffsiberianhuskycopperbieyejpg ker gluv levo uho,priroda,1
pih glup pojmove ja pomislio radi filmu,priroda,2
hahahaha,priroda,2
 rotvajlera reći obožavao veoma pametan često trip razume srpski,priroda,2
ja trenutno zlatnog ritrivera volela httpwwwtypesofdogsorgimagesakitainujpg haskiji samojedi divni,priroda,1
akita prelepaaaaal japanskih tj azijata faforit tosa inu httpwwwmatsukennelcomfilesgrandpasudojpg pas kojeg retko svetu osim japanu inače koriste sumo borbe pasa,priroda,1
tose velike naborane balave mrcine posedujem jednog reci divno odrasti uz takvog kera,priroda,1
httpwwwvauvaunetimagesifciskupinacehoslvucjakprofildesnojpg jačeg,priroda,1
 mogao iskustva psima posavetuje ritrivera ženku staru skoro sedam meseci nemirna cima laje dosta ludi drugim psima mackama onako igra mlati repom sudtini vesela nemirna veze dresurom preblagi uzrastom jednostavno takva po prirodi zajedno rekla razmažena nismo fazonu pudtamo radi cini rastrojstvu tice aktivnosti dan ide detњu po nekoliko puta pudtamo istrci po okolnim livadama voљa daљe vuce dadava skace luda vidi drugog psa mala odvojili majke veze prestati odraste jedno godinu dana ozbiљnije pozabavimo њenom dresurom,priroda,2
probaj sljepnes onako po tintari viknes nju ukapira stvari,priroda,1
rekla takva mala pudla takva skoro prestalo ludilo proludovala prvo teranje činjenica moraš nateraš ti makar po boji glasa sme a ja kažem dosta mirna njeno ime oštrijim tonom odma bataljuje radi dolazi noge napravi sranjce jače podvikni uštini uvo taman jaukne puta znaće zabrljala tvog podvika bolela duša povučem uvo naučila progovori a mačkama juri luda dalje im krvi skoro iskopala krticu bašti krticu ćale jurio godinu dana skočila počela kopa op inače francuska pudlica,priroda,1
marijana p retriveri po prirodi takva rasa dosta lovačke krvi energija adrenalin kipe plus praktično štene dresurom vrijedi počinjati prije og mjeseca učiti komande tipa uz blaži trzaj povocem ćušku po dupetu po glavi brzo naučiti pokaži autoritet smije a smije kazna zajebanciju nagrada kulturu kažnjavaš radi odmah nakon učinjene pizdarije ti džaba trudi ponašaš staloženo ujednačeno njom komande izdaješ uvijek istim tonom budi dosljedna pravilima uz truda bombon,priroda,1
httpwwwyoutubecomwatchvkrshkfzwxy,priroda,1
httpwwwlovackipesinetalpskibraklovackipasgromgromalpskibrakjazavcarjpg httpstaticpikbagalerijaslikadefaultjpg alpski brak jazavičar bosanski gonič barak stari ovakve slične ludi kerovi,priroda,2
oće doživimo temu a cenim dosta љubiteљi plemenite sorte,priroda,1
moram ispricati najbolesnije jebenom psu koga ikad videocaletov ortak drzi mu cuva radno mesto gajbuposto zivi radimesavina belgijskog ovcara sarplaninca brateveceg kera zivotu videooni rotfajleri pudliceplus jezivo agresivanna metara usrao gledajuci laje pokusava otrgne lancua inace tajcaletov ortak morao koristiti onu omcu stokujer kerove nikako dovoljnona zalost mu mogal prici igram njimjer reko nikako druzeljibuv nepoznate glavedan ujeo ogroman keral ni blizu velik a ja hteo pomazim,priroda,1
daj oživimo temu iskustva mađarskim vižlama lep pas nekim mestima kažu nikako pas stanimam omanje dvorište pošto potpuno lovački pas navodno mu teba pun treninga istrčavanja inače bidne nesrećna e nekim mestima kaže tolko strašno a mešanca inače podseća dosta baraka slike gore al čega al boljeg kera mogao poželeti majke vižle httpwwwmojpescomwpcontentuploadsvizlajpg,priroda,2
čapa,priroda,2
 lik kojim druzio neralan tice privlacenja kerova odene prati kerova svakiali put kerovi moraju njim idu zajebavali debeo podseca slaninu xd nalazio njim trafike vidim dolazi km odma prepoznam on kerova a znao zvuk napravi odmaali odma privuce kerovecak nebitno glasno kolika udaljenost kerecem jeziku kaze koski kalishu jednom blejimo iznad zoloskog vrtacak udaljeniji prilicno on zvuk napravi cujes vukove oglasavaju sea zima preljuta napoljuzivotinje vrv ni bile napoljuuradi vuci oglasavaju sei opetnerrealno jebeno gajbi spratu uradi toker pm udaljeni vidis oglasava sea zvuk radi tiho jedva ja pored cujemdobrone jedvaal uopste glasan zvuk,priroda,1
snimak wolfdog favorit portuguese water dog dobar,priroda,1
 pas gluv levo httpuploadwikimediaorgwikipediacommonsffsiberianhuskycopperbieyejpg,priroda,1
ole ti napišem post jako slično iskustvo,priroda,2
andjelkojbgnemam,priroda,2
 desetak dana dva bretonca jednog morao dam lajalo govedo po celu noć a žao bijem jedino redeњe ćale loži lovacke kerove ja volim preterano planiram uzmem nekog kvalitetnog zlatnog volim mekane neagresivne pse akitu engleskog buldoga planiram duzmem skorijoj budućnosti,priroda,2
 akita jako neagresivna,priroda,1
napisao retrivera neagresivan mojne jeded prebijem dabane mali volim mekane pse agresivnih znaci љute voleo cuvam,priroda,2
 mekan pihtijast kupi jebenog pinča ti priliči nube,priroda,2
džabe teretana muda malena,priroda,1
hahaga pincevi preobjadњavaju uzeo maltezera pљunuo lice đovak a њega podnosim istetoviraj pitbula pored gracanice grbi agresivni covece takve prebijam pogledom,priroda,2
angele ,priroda,2
stafa jebo pit ,priroda,2
muda rastu teretani engleski buldog ,priroda,1
jazavičar aka kobasica odličan pas jedina mana pustiš niz stepenice,priroda,1
httpkhongthecomwallpapersanimalscooldogjpg jbt,priroda,2
dodirnuo najgotivniju kerecu dlaku ikada minuta japanski ker prefina preljubazna dlakastiskao kera tog ceo dan,priroda,1
 ženku pulina prcala samojedom lice dtenad,priroda,1
 fina štenad a psi kontam šareni vjerovatno bijeli crni špicaste njuške podignute uši ženke mužijaci kila im krzno kul fotkaćeš vidimo,priroda,2
httpwwwpagogcompicsaugustweirdanimalsgif daovo kerdrzao gajbi,priroda,1
obavezno slike samolin rase obesiš,priroda,2
httpwwwsrbijadanascomsitesdefaultfilesstylesfullarticleimagepublicvelikipasjpg,priroda,2
httpwwwzivotinjersslikeitemimgpasjpg panda pas,priroda,2
gle postoji paspandan pandi,priroda,1
psi rase japanska akita mislite ,priroda,2
 ženku pulina prcala samojedom lice dtenad bač daj slike ovoga pulina a uzo hteo samojeda živo zanima čega liče kakav im karakter,priroda,1
 kojim slučajem nekog žešćeg psa tipa rot staford pitbul kane korso sl obučavao tipičnog seoskog džukca kućnog mešanca omanjeg crnobelog polučupavca vezuje trči po dvorištu fazon ma prostu džukelu onu agresivnu žicu ,priroda,1
 ja pitammoj drug staforda napravio mirnije kuce pudleneko kuce napalo on poceo cvili drugi put napao lanuo straha al kuce valjda videlo po lavezu jaci odustaloe jednom osetilo borbu dobarmada niko sigurno ce kuce ponasa ja gledam pitove pune ljubavi dobroteigraju decom itdda kuce promeni ponasanjene verujem dobrice zver postane oseti borbu nece izbegava desi zapocinje ponekada prema ljudima ce ponasa znamtreba im stavlja korpa ulici a vlasnik kuci nek radi k,priroda,2
 agresija zavisi bitnije ti povedes racuna tome kakvog legla stene dolazi imalo kontakta ljudima progledavanja kakva keva slicno naravno period socijalizacije tobom navikavas ljude pocetka napravis anksioznim dozivi traumu ti psi znaju jako zajebani budu stenci prezive traumu prepravke agresije uzrokovane teze ispravljanje agresije uzrokovane losom postavkom dominacije coporu svakom slucaju psa trci slobodno van dvorista smes pustati,priroda,1
zabluda stafordi pitovi agresivni prema ljudima zapravo genetski selektovani budu agresivni prema drugim psima borba sama po veze covek pitanju pravi ogroman problem socijalizaciji drugim psima skoro resiv problem staford kvrcne napadne pas jak on cak ni vrhu nekih lista tice ujedljivosti najujedljiviji pas ovom svetu koker spanijel pas po svojoj prirodi agresivan sladak ljudi zanemaruju a ozb stetu napravi realno,priroda,1
lol bitno lik trenira pitbula borbu ker dobre kuće keva mu pacifista ti agresivnog psa edit sojin komadić ,priroda,2
 tesko stavit mu korpu pas navikne toverujem mu neobicno korpe navikao nju lajanjem trazio mu gazda stavi korpukazem pitova stvarno dobrihda zavisi kakvo leglo uzgajivac ponasao prema njimaima faktora verujem pitovi agresivnivelika vecina jesu im vlasnici uglavnom debilinajodvratnije ceni kuce po snazikazem ja jednom coveku nekog psa lep a on napravi facu pas vredi nicemu jaka covek fizicki slab misli drugi ljudi vrednovali po tomekako mu ,priroda,1
 uzimas psa gledaj uzmes najrazigranije najmirnije stene legla raspitaj pitaj jesu drzali stence rukama progledali posmatraj leglo ponasaju kevom uzimaj stene ispod dva meseca nikako,priroda,1
lol,priroda,2
ja dve macke jedna preza ni pasamislio ce nastrada svojim stavom uspeva otera kojeg psatvrdim iskezila nakostresila borbeni pit bul podvio rep,priroda,2
 labokv kaze pitove stafove uglavnom uzimaju debili ti psi zapravo pretrpe ozb maltretiranje kvrcnu pit staf vazi agresivnu rasu glupost agresivni prema psima ljudima zapravo jako inferiorni,priroda,1
 ujeo koker cista mira,priroda,1
koker ujeda cista mira stalno praksi vidimo kokera brnjica podrazumeva a imala kokera naujedao pare,priroda,1
 kaže sojin ,priroda,2
kazem ja ovom reko gle lep malinoa on kaze ma los ker znas mu uradio pitmnogo takvih ljudi cudimo pas napadne nekog mje najgore krivimo zivotinju,priroda,1
ma glupost msm jeste pit jaci malinoe dizajniran dvoriste malinoa zakon radni pas dobar slican nekadasnjem vucjaku po karakteristikama malinoa agresivnija pita dosta,priroda,1
ma ja pitam setio nečeg ranije haskija klinac dresirao tipično klinačko igranje psom vezan koristio priliku zbriše van dvorišta po sati nekada po ceo dan genetski programirani bubu teritorijalni kodirani budu razigrani eksploreri stvari pomislio haski genetski predorderđen drži mesto pravilno dresiran pit dvorišta nasrne rendom džukelu šeta po komšiluku,priroda,2
 malinoa cuvaroa valjda belu kucu cuvaju malinoezajeban pasmeni lepiali volim pas agresivan,priroda,2
 desi psi kolju teritorije dresiran a opasnost postoji haski primitivna rasa porediti drugim psima gomile stvari tice ni ni malamuta ni ruske lajke a pita postoji velika sansa ce klati druge pse prilike,priroda,2
ja obozavam malinoe vucjake dusa boli nemacke ovcare osakatili greh,priroda,2
labrador nekako najgotivnija pasmina,priroda,2
volim vučkaste pse tipa haski recimo vezan koristio priliku zbriše van dvorišta po sati nekada po ceo dan jebeš mu mater izgleda nisi jedini d vidim haskija nekog mota po gradu dao oglas klinci drugar našao haskija pobegao vlasnici nekog udruženja našli vratili ,priroda,2
dosta ljudi imali haskija kazu glup pas djeluje normalan drugi zanima misljenje kaze ljudi imali haskija,priroda,1
ahahha zamisljam haskija nekom psecem drustvu polivaju nekim kucecim forama a on kapira,priroda,1
 komdiluku haski bukvalno dan on turu pređe vlasnici puste on ide po gradu obiđe mesta blizu vrati preže sanke odmah devijacija,priroda,2
 zove mali beli psic podseca jazavicara a glavu terijer,priroda,1
darude sandstorm,priroda,1
zove ejdus pička ti materina,priroda,2
 bavi dresurom pasa,priroda,2
pezos,priroda,2
radim honorarno muriju vucjake sopove iskljucivo,priroda,2
pez httpsimgurcomaokvvo,priroda,1
inka pas,priroda,2
bezdlaki peruanski pas,priroda,2
 anubis,priroda,2
kakav držanje kući nabaviti,priroda,2
 odgovara mu klima osim andske a zvace lisce koke inace brzo ugine,priroda,1
 lupetaj,priroda,1
¿¡,priroda,2
 peruanski pas preziveti obodima kosmaja pasji zivot nemoj muciti zivotinju,priroda,1
nabijem ti prst dupe ,priroda,2
 šarplaninaca van šarplanine kangala van turske tibetanskog mastifa van tibeta ,priroda,1
 jako specificna rasa kreirana boga licno zahtev samana ajahuaski,priroda,2
 jednog mladenovackog seljaka jebiga,priroda,1
drzi pitbulova bembare ,priroda,2
staforda,priroda,2
 uginula belgijska ovcarka kuja godina imala rak izjeo dobio dzaba stene belgijskog ovcara lik morao resi tuzio stanodavac radni pas odlican naucio poslusnosti tice odem bicikl vozim on trci mnom miran ,priroda,1
 pazi ja malinoa pas jedinu manu manom zvati malinoa pretrči km problemu hiper aktivan neumoran najpodobniji dresuru radi nonstop njim,priroda,2
 stanu kavez ,priroda,1
 malopre ja umorio stene jebeno biciklu vozio min poslednjoj brzini jedino previse radoznao hoce dvorista izadje vidi kera a prelako mu izadje kroz resetke kapiji drzim duzem lancu preraste,priroda,1
malinoa preskače metra mesta fazon nauči ograde negde ,priroda,2
sop bohore pored zajeban dozu nacionalizma,priroda,1
ma jes boh stene provuce postoji ograda preskace bezobrazan ker a radoznao,priroda,1
 naprave kerbera genetskim inzenjeringom interesantno drzati psa a poprilican cigan vezivao zivotinju moram pustim negde livadu poklonim ti ja ,priroda,2
 preferirate odane pokorne pse svojeglave komplikovane macke,priroda,2
 posedovati mackustvorenje crknes zavalilo dokle hrane ciniji ,priroda,2
macke gledaњe egzoticne oranžcrnog krzna psi suživot,priroda,2
psi protiv mačaka ljudi vole mačke ja pitam definitivno psi,priroda,1
psi mačku naučiti raskube nekoga komandu,priroda,1
kučiki,priroda,2
jao klasicna hipsterska prica ja macku pas poslusnik slepo prati svog gospodara macka svoj gospodar neobuzdana divlja jedinstvena ja,priroda,2
al odakle mačke svojeglave neposlušne zgradi jedna debela ide ciganin vrata vrata govno pojela baciš lezi depresivno po ceo dan,priroda,1
 privrzene nikome obraduje ti macka pas vidi bukvalno ce srece hahah,priroda,2
macke razloga sere razliku dzukela pisaju seru stignu,priroda,1
 inace hoces slugu kupi kera oces gospodara kupi macku praksi macki izvrnes konzervu granule ciniju ocistis pesak keruzanju vodaj po ceo dan napolju kisa sneg neces ti zasere stan,priroda,2
 naravno ce najveci poslusnik sajtu morao ceo zivot peva mu kazu aplaudira masi mu kazu kompleksa voli macke po prici on glupane izadji tog mehura kom zivis pas jednako lako nauci trazi ide napolje pisa kenja a macka ti iserava jeziva tanka smrdljiva pesak kupatilo,priroda,1
ahahah docekao penal pezz tanka puna peska,priroda,1
 terasu garsonjera pitanju kupatilo,priroda,1
brate volio macke nikako prije godine ja msm sajosto vrijeme rata krio ispod leseva omaci mu macka majka navali donese on donese ja majki krv pio ce znaci sprdali zvali sajovke po saju brate po znaci macke pod kozu bile uvukle nedje pola godine jedna macka ojde nedje ubiju kola ovu drugu ubiju kola ogromna tuga znaci ka ruku okinuo dotu igrat nekako reka majki trazi macke godinu saju macke omace majka mu trazi macke ja skacem majku radis jadna ce donese macke brate vrlo slicne onim proslim cak jace znaci prelijepe fine mirne umiiiljate braate znaci nevjera umiljate dodju maze cuda cuda godinu pola godine jednu ubiju kola a drugu nedugo zatim kuca macke nece imat brate prevelika tuga izgubis,priroda,1
љudi drže macke pse kući najveće debilcine svetu,priroda,2
mačke vode same brigu nahrani setis pusti ide po selu zivi zivot lepo slobodno kera moras vezes negde mu ogranicis kretanje debil,priroda,2
 bohor kera mackual ce izvinjavanja naredna dva meseca ,priroda,2
ma salim ja kerovi bolji,priroda,2
ja macku nemam ja kucni macak napominjati rasan persijaner papirima ostalo sluzi nicemu generalno tezak smarac dosadnjakovic grebe vrata ludi celu noc po kuci nekako vezes nemam pojma meseci srbiji kazu smoren slabo jede verovatno mu nedostajem,priroda,2
љudi drže macke pse kući najveće debilcine svetu љudi drže koњa godina kući upitni,priroda,1
dobar,priroda,1
macke setas nahranis zamenis pesak karakter a slepo podanicko pozicioniranje coporu vezuje uglavnom jednog clana porodice eventualno fin prema zgotivi nece pokazati pandurima drzis vutru slicne stvari psi previse komplikacije ljude vole napolju zavisi njihove dobre lose volje,priroda,2
 kučiki,priroda,1
petar pan pezo jao klasicna hipsterska prica ja macku pas poslusnik slepo prati svog gospodara macka svoj gospodar neobuzdana divlja jedinstvena ja bukvalno žensko ikad macketina jede sere spava a žene glume kleopatru stari egipat,priroda,2
macke lepse mibas briga umiljate psi covek gnjavi macku spavaako budna bezi uhvatim zadrzim minutznaci najbolje spavaa nervira vlasnik psa kazevise volim pse pokazuju ljubavpa pricemoj riki vidi on skace srecejooj obradovaofuj macke macke lukaveoce izrade coveka masu repom skacu srece gazdunego briga gazdukazes jojeeej rani dodji voli mea ,priroda,2
 kaze labo usudjuje dodje zovem pricam primatima sutiraju onu pitbulove budu opasniji kakav jebeni glitch evolucije,priroda,1
muškarci mačkoljubi većinom žešći frikovi lik mog grada nadimak mu ket fakr ladno lik pričao mu digo mazio mačku,priroda,2
bombas stvari slazemomi generacija prave vrednosti ovi klinci danasa ljudi staro vreme ziveli najpravilnijesad seti jedne zene po ceo dan ide svojim kucetom prica njimsva posvecena kucetu kuce ceo njen svetkakav mizeran zivot ubijemucno gledati jeposebno prica kerom srodnom dusomtakav osecaj izazivaju ni prosjaci ruku nogu onaljudi izdali a kuce nece,priroda,2
nadimak mu ket fakr ladno lik pričao mu digo mazio mačku jednom čovjeku digne odmah prozivke,priroda,2
a drugi lik mu uginula mačka isključio fon nikom javljao dana pritom lik godine tad reci frikovi brate,priroda,1
 ljudi srecni pojedu popijuali znali stres srecniji danastako pravilno zivi,priroda,1
orkana pricas lazi,priroda,2
jedna zena sexualno opstila kerom ker ljubavnikaj kupila grobno mesto nju kera budu sahranjeni jedno pored drugog,priroda,1
trenutno psa konja sokola istreniraću sokola fata mačke baca rijeku,priroda,2
psi naravno vidim nikakvu vrstu satisfakcije deljenju životnog prostora mačkom,priroda,2
 jedno drugo mali macke uopste voleo promenilo porodicu macaka dvoristu onako jednu veliku porodicnu zadrugu nekoliko generacija jedno vreme macka psa obojica muzjaci zvali žuća,priroda,1
muči pseto misli psima skeč,priroda,2
jebala ti mačka mater ide ,priroda,2
abokv jedna zena sexualno opstila kerom ker ljubavnikaj kupila grobno mesto nju kera budu sahranjeni jedno pored drugog ker,priroda,1
macke setas nahranis zamenis pesak karakter a slepo podanicko pozicioniranje coporu vezuje uglavnom jednog clana porodice eventualno fin prema zgotivi nece pokazati pandurima drzis vutru slicne stvari psi previse komplikacije ljude vole napolju zavisi njihove dobre lose volje karakterhahahahhahareci engleskom buldogu karaktera ljudi svetukoji jebeno tvrdoglaviji svake macke neposlusnijiima vrsti pasa tih rasnih priznatih kojih svaka drugacija al apsolutno razume bukvalno ni recenicu sastavi kinologiji misljenje inace ce smatrati jako neispunjenim danomajde bezite macke domace najdivljije tipa tigra lava isti karakter dosadne generalno a psi kolko rasa postoji svetu drugacije pas nauci tipa malinois border koli ni simpanza jebena nauci aj mrs tim pricama macijem karakteruod tog njihovog karaktera dobijete vam skrivaju tanka jako smrdljiva svuda iza troseda ugaonih garnitura im dosadno iskopaju govno peska stave negde ispod krevetapsi puta raznovrsniji osobeniji karaktera jednolicnih macaka loze hipsteri mahom masa kruga dvojke,priroda,2
plus pas stvarno umes mu budes karakter bukvalno nocna pogotovo rasa fci grupe primer molosabas voleo presvilenu osobu vidim barata boerboelom bulmastifom alabaiem nebitno hahah boji ni kometa svemira padne a kamoli oseti svileni glasic feministkinje mu govori ti nisi macka nemas karakter ajde mrs najobicnijeg maltezera moras karakter voleo postovao a kamoli zver psa podanika psu pogotove svileni glasovi hahha tipa bombas feministkinjea glupavu macku nikog slusa pas zadavi cim mu dodje dvoriste,priroda,2
 vam mater jako vam isprdim po facama spavate znate snaslo,priroda,1
hahahaha,priroda,1
 oboje uglavnom,priroda,2
 koker španijela izuzetno veran a komšije barem ak mačaka budu velikog dvorišta zabavljaju dan druge komšije otišle privatno germany ja prosto verujem pas tuguje njimatri dana jeo a put pređem njib on zaleti kapiju misli dolaze svemu skratim priču ja predivnog kokera dajem glas mačkama verne gazdama lakše preživljavaju gledaju svoj interes a psi previše vezani puno košta njihovom životu razlika naravno zavisnosti rasa naravno životinja malena istog gazde donekle varira po istom principu,priroda,2
jedini razlog bavim preterano ozbiljno pezosom jeste ogromna razlika svemu dete pet godina napadne maše ručicama eto dakle svakom smislu užasno neuporedivo dominantan odnosu nemam pogonsko gorivo bakćem njim jednom rečenicom izbacio takta mesec dana smiri progoni maltene svakom upisuto stvar iskustva jednostavno kakve šanse godišnjak živi novom sadu kevom garsonjeri protiv nekog poput postoje dani vidim akcije nesretni pez čitav život diram zamisli javor pezos trči okolo unezveren proziva čelzi ja smešna spika jebena vukajlija dođeš nasmeješ progene kojekakvi mediokriteti pezosi čika bulje slični,priroda,1
komšinica udovica muž vojno lice umro živela vučjakom mačaka vučjaka muž doneo vojske umre žena našli dana prodavnici zapitali dodje hitna policija provale uvidjaj ubio imala baka pare mačke krenule jedu jebeno pete pojele skroz videlo a vučjak podavio mačke majkao pored nerealna slika pisao tome voli mačke mrtve kerova,priroda,1
ti video ,priroda,2
httpswwwgooglecomampswwwtelegrafrsampvestihronikatelozeneizborapojelemackeodglaveostaosamopotiljak,priroda,1
 psi macke zele pojedu vlasnika zatvoreni kuci drugih izvora hrane naravno ce jesti vlasnika izdrze gladi obe vrste predatori tim npr otvoren prozor ce pojesti pas a macke ce izaci napolje poceti love ptice miseve sposobnost lov zaglupljena ljudima razliku pasa pas preziveo ulici nakon doooosta zavisi odgajan rase generalno ulicni psi jedu ljudsko smece otpatke prezavisni ljudi macke jesu samostalne divlje prirodi maltene uopste pripitomljene jako retka macka kojoj ces ti izaberes partnera stalno jebu divljim mackama po njihovom izboru izgubile skoro uopste sposobnost lov imaji bolji sluh pasa nocni vid im bolji znaci nuzno macke pasa genetski programirane budu coveku prijateljpodanik same biraju nacin e macka nece rizikovati nikada zivot odbrani vlasnika macku naucis puno mahom nezainteresovane uce realno uglavnom vezuju celu porodicu poput pasa jednog clana ja licno gotivim pse macke moram glas dam mackama interesantnije zivotinje igra psom mu bacas loptu frizbi on trci macke dosta interaktivnije pogledas viralne klipove pasa nikada video pas super odan hvata loptu lol uradi preposebno preobicno ponasanje psa posebno fazon moraju izmumlaju lici wuw cak manje zanimljivih takvih psecih klipova a klipovi macaka postanu viralni druge strane klipovi macke macke love lopte lasere carsave skacu sranja sranje normalna macija ponasanja iako tipicna macke zanimljiva svaka macka individualna drugacija macke ceo zivot daju vlasniku mazifazon vole sede krilu beze dodir bukvalno penju glavu macke mrze druge macke vole pse vole sanse zgotive razlicitosti macke macke psa psa krug dvojke govori vukajlija,priroda,1
 blentavi pas vija loptu onako sav presrecan hahah zanimljivo al macka vija loptu ehhh kakvo odusevljenje snimikao roditelji misle im deca najzanimljivija vidi moju macku grebe carsav ahahahahaha dosta rasa pasa vezu jednog clana porodice uopste nepoznavanje kinologije klasicno vidim neznanje govori drug klinac zakopavao macke sljunak pesak zive podave a zavrsava bogosloviju govori,priroda,1
thilmo httpswwwgooglecomampswwwtelegrafrsampvestihronikatelozeneizborapojelemackeodglaveostaosamopotiljak davno sproveden eksperiment ljudima naime nakon grupa ljudi vazduha izbačena negde andima preživeli nakon nekog vremena počeli jedu a drugari stvari tilmić bukvalno plišani medved pojeo oseća glad elementarna egzistencija ugrožena ovi naslovi jezivi jednog razloga a ostane ostatak sveta otkrio zaripio tek raspadne smrad jak osete ostali,priroda,2
 eksperiment nfl tim koledz tim srusio avionom film tome ti reme bar trebao znas bombasa ni kerovi pojeli crkne hahahh srali po ,priroda,1
 tebra svesno napisano eksperiment grupa ljudi vazduha izbačena andima,priroda,2
 fazon reme drug klinac zakopavao macke sljunak pesak zive podave a zavrsava bogosloviju govori govori popovi jebene sociopate pricam godinama govori zivotinjama pas pesrecan mu bacis loptu donese ti otpadne ruka zanimljivo lol pezose pricam tome kakvi klipovi postoju viralni macke vs psi odnos najbolju ruku dovoljno govori tome zivotinja zanimljivija msm ti ponavljas psi car macka gowno pisam vam usta ste hipsteri sutra cini delujes pravu iako ume zanimljivo citanje,priroda,2
inace pisem sazna minuta guglu prirodi vukajlijasa kapslokuje needukovano misljenje pise pusi gowno ostalima vukajlijase konstanta ce pas umire srece vidi odes minuta jebenih xd,priroda,2
 zapalo needukovano znanjedruze ja najveci kinolog istoriji ovog sajta mislis needukovano,priroda,2
 smislu ocigledno nemas pojma mackama npr posto lupas prilicno,priroda,1
a bitno vi mackoljubci imate znanje psima vam uvazava pricate hahah pasa ujelo ajde reci bombasu pomeri trosed pokupi tanka smrdljiva macija mu macka skriva hahahah,priroda,1
tilmo ti video van persija ahhaha,priroda,1
gambi nisi pravu psi navikli bukvalno misli čitaju teško fascinira mačka glupa mahne šapom juuuuu vidi ,priroda,2
ceo zivot pse pez trenutno psa macku pas ujeo nijednom zivotu jesu napadali copori zadjem rakovice nikada ujeli psima boh delimicno pricam tome psi psi uopste nepredvidljivi vrsta stvorili budu takvi kakvi a macke same pripitomile genetski im slicniji divljoj macki pseci vukovom,priroda,2
 pas porodici makar članova bira jednog kome slepo veruje dva staforda tj drugog prvi jebao dva posto npr ćaleta slušao jaja iako provodio puno vremena njom drugi sluša krene ulicu drugu životinju kavez zatvoti poludi deru sistem ja mu rekao jednom trebalo,priroda,2
hocu kazem macke genetski programirane strane ljudi ponasaju odredjeni nacin medjusobno dosta razlicite interesantnije misteriozne plus jacu sposobnost resavanje kompleksnih problema pasa iznenade necim bukvalno svakodnevno ja juce saznao macka sama otvara prozor kuci bleji rubu zgrade video spolja sama otvori fioku udje zatvori hoce sakrije vodim veterinara xd,priroda,2
gamb postova pročitao ljudi videli životinje zoo vrtu tvojih duše mačke namerno malim slovom zanimljivoji draži vilin konjic tipa dvorištu komada prilaze kući baba hrani ispred zgrade mrzim ja volim životinje al l vrabac grani il mačka isti ,priroda,1
httpswwwyoutubecomwatchvwbfijglo bukvalno ortaka bleju cudi bombas psa npr dosta usamljen pogle ti uzme sanka jebeno zakucava garazu hahahahnzm zanimljivo gledati macku lize sama dlaku po ceo dan video gore pasa random video macke procenite zanimljivije httpswwwyoutubecomwatchvoelqeleixk,priroda,2
eh nedostajalo de gustibus non est disputandum diskusija plavuše crnke čitav milion razloga ti objasnim zašto debil jet voliš jedne druge nabijem retardirani,priroda,2
bomb diskutabilno očigledno gambi ćeš samostalno uzmi malinoa čoveka digne ogradu mož preskoči kaveza lanca mož izjebe al ode česmu odvrne slavinu lizuće mlaz onako žedan hahah duše glupan zatvori,priroda,2
ma imate gore videe sami procenite,priroda,2
hah ocigledno ja tri godine odolevao doslovno zivuljka kucu ja kuce kraju morao kupiti macku dosadan generalno osecas sere terasi jede spava komsije kerove nekoliko komsija ustvari druze smrdi stanu kuci stali seru pisaju stignu ma pakao ja tacke pricam zivi stanu svakako macka podnosljivija dzukele dvoriste ja ker fan ni jednog ni drugog eto jednostavno macka smeta kera ni zivu glavu dozvolio unesu,priroda,1
ma kakav stan ker mačka dvorište prebacio osnovu pišem lepo ja čistunac al nemeže mačka skače kući po stolu kom jedem ni pas takodje razlike,priroda,2
aliii morao biram definitivno pas skace po stolu buve macke idu ljude hahah,priroda,2
ja stanu oba stolu prilaze odozdo pas prosi ljudsku hranu a macka doprinese zajednici pokloni vrapca ubila terasi xd,priroda,1
pez macke zastite buva psi a kucna macka izlazi napolje ni dobije,priroda,1
hoce skoci retko obzirom kucni ljubimac jede kvalitetniju skuplju hranu pezosa potrebe skace okolo miran sretan jedino ustrojen ni pezos ,priroda,2
httpsgagcomgagargoxdthisfastestdogintheworld ,priroda,1
 macka nauci realno govora keruzanju dresirati tacno npr zivotinje glasale velika vecina kerova sns,priroda,1
gambi ja terijera nlt uporedo prvim stafordom godina žive razliku ovih rasnih tupi umeo noći uhvati pacova donese ulazna vrata odere jebeno stanju čeka celu noć ulaznim vratima maše repom deda ustane pohvali drugi deda keve brave ispeče slavu stavi cm visine zemlje svoju bluzu baci pored brka legne bluzu životom brani meso pazi meso isko kučići jedu mesu jeli ajd mački postavi tanjir nekim jelom kontroliše min a celu noć,priroda,2
 ja pišem tilmo razume magarac astrologiju pitaçe l video ,priroda,2
hah obozavam objasnjenja argumente vezi dogadjajima desavaju intervalu jednom godisnje ti boxore cesto pred spavanje zamisljas situacijama doslovno nece dogoditi,priroda,2
boh tacno pse moguce dresirati pas dira cevape jedem krevetu ostavim odem otvorim vrata kuca pricam minuta osobom pas pomerio osim macki pojede xd macke skoro nauciti osim fazon sere pesak ujeda jako igri grebe jako ublazi nagone rekao macke pripitomili ljudi im selektuju osobine kakve ce divlju africku macku dovedes stan slicno pripitomljena ti udje dvoriste rekao rase zavisnosti odgoja tj kolicine zaglupljivanja im ljudi prirede mogle opstanu divljini vecina genetski predodredjene zavise ljudi nacin bukvalno svaka macka opstala napolju loveci miseve ribe ptice nismo uspeli im sjebemo vestinu lovu uopste makar svemu obe vrste jaja svoj nacin psi jacu socijalnu inteligenciju macaka potomci visoko socijalnih vukova macke potomci samotnjackih divljih macaka psi jacu socijalnu inteligenciju a macke problem solving jaci,priroda,2
 karakterhahahahhahareci engleskom buldogu karaktera ljudi svetukoji jebeno tvrdoglaviji svake macke neposlusnijiima vrsti pasa tih rasnih priznatih kojih svaka drugacija al apsolutno razume bukvalno ni recenicu sastavi kinologiji misljenje inace ce smatrati jako neispunjenim danomajde bezite macke domace najdivljije tipa tigra lava isti karakter dosadne generalno a psi kolko rasa postoji svetu drugacije pas nauci tipa malinois border koli ni simpanza jebena nauci aj mrs tim pricama macijem karakteruod tog njihovog karaktera dobijete vam skrivaju tanka jako smrdljiva svuda iza troseda ugaonih garnitura im dosadno iskopaju govno peska stave negde ispod krevetapsi puta raznovrsniji osobeniji karaktera jednolicnih macaka loze hipsteri mahom masa kruga dvojke ja razumem kinologiju lol aj pezos uzbudjuj najbitnije smaraj uopste uspeo ovoliko licno potresno shvatis macke vs psi temu,priroda,1
macka polupripitomljena zivotinja veze genetskim kodom ranije skoro nemoguce promeniti pas dugo evoluirao covekom cak cistog karnivore postao svastojed,priroda,1
 kinolozi moji kruga dvojke nabavљaju fensi vrste kinoteci xd,priroda,2
 zabca videoklubu nemaju kerova heroina xd,priroda,1
karnivori deca igrali,priroda,2
lol sojo pas jede krompir hleb pecivo iskoristivost osim mesa uzasno mala pas svastojed iako jede ulici svakakvo smece,priroda,2
jeste svastojed velika mu iskoristivost pas problema ziveti namirnica animalnog porekla ti zvanicni stav veterine,priroda,2
ja juce pricah valjda predsednicom kinoloskog saveza srbije tome rekla pitao cime najbolje hranim psa kaze povrce jedu volumena vlakana ,priroda,2
 bolji glupa rasprava zavisi coveka mu odgovaraneko podnosi ni pse ni macke voli pticepas ti unisti pola stvari po kuci macka ti ortak fajtbodi gard macka ,priroda,2
 tome jeste tema labo,priroda,2
lupa gluposti po struci izjava kriminalna,priroda,1
 nekom odgovara drzi mackunekom psaja volim mackemanje kostaju nikakva obavezane prave buku itdtako psi dobre osobine,priroda,2
 macak bogami pravi buku ujutru uzme lovi papuce ves susaca npr rat poceo,priroda,2
e sojo veterinar slicno rekao pitao proverim debila prave vegetarijance pasa definitivno zdravo ,priroda,1
 prosto tacno stav nauke pas svastojed zivi ma biljnim hranivima kraju krajeva uci veterinarskom fakultetu ovom svetu svasta cinjenice cinjenice kraju krajeva radove sefera on najblizi strucnjak tog kalibra ishrane zivotinja tice kog imamo nazvati pitas vazna izbalansirana ishrana svastojeda pas odavno mesojed jeste grupi omnivora,priroda,2
macke uglavnom nemirne male odrastu slabo jurcaju po kucimoj legne stolicu dremaneverovatno gazdukad budan ja zovem on nece ni okrenebukvalno postojim,priroda,1
aj menjamo macke vristi skida jesam bolesno vezana nece jede posto hrane dajem izmislja toplu vodu lomi po kuci dosadno,priroda,2
e soja bukvalno poente ista raspravljati osobom startu misli pametnija svih drugih prihvati maloda znas nestoshvatamo jaka samostalna zena decaci moras upinjes objasnis lepo ti covek rekao precednica kinoloskog saveza veterinar kazu devojka procitala pasusa internetu,priroda,1
a pezose stvarno majmun ti rekla potresas teme p nazalost procitala dva pasusa odabrala pametujem po internetu veterinarski fakultet ovakvi ti znaju skacu po zivcima dan gledam greske ljudi godina fakulteta otvorili nijednu knjigu sposobni takvim frikovima razglabaju besomucnosti glade im ego im uzmu pare a ti moras cutis kanalis struku jebote l stvarno potreslo volim macke pasa xd,priroda,2
al poenta ti besmislena pas vegan al jebote peder stavi ribi vadžajnu al mu briše dnk grešku kojom postao pederčina ,priroda,1
 tilmo poenta pas svastojed a karnivor znaci spinuj izmisljaj probaj procitas po vuku napisano,priroda,2
lol moram ubaciti pse jesu zvanicno svadtojedi davati psu meso prakticno zlostavљaњe životiњe veganska dijeta izuzetno nezdrava љude a kamoli životiњu potice cistog mesoždera psu slobodan izbor dokazano њegove ishrane meso organi ostale materije životiњskog porekla a ostalo daљe psima potrebno proteina љudima masnih kiselina kožu krzno oci jod stvari želid pas ostane zdrav a jede meso morad mu kupovati razne suplemente nadoknade inace postaje slab letargican neretko gubi voљu hranom vodom uopdte bukvalno svetski veterinar nutricionista životiњe dobio posao stranke svetu slaže pse hraniti iskљucivo biљnom hranom najvide dozvolili jeste mu dajed ribu jaja povrh biљne hrane redovno nadgleda strucno lice važnije pitaњe zadto iko tolika debilcina psu ukloni životiњske namirnice ishrane postoji bukvalno dobar razlog takav postupak gomila razloga protiv,priroda,2
 klasika cim gubi raspravi dominantnijeg nemoci pocne vredjajesam ja govorio zrikava majmunka nisamtako pokusaj barem manirezamisljam cackas nos pises klasican student ja tostudiram ja samja pravu,priroda,1
psi jesu svastojedi tema tice zatvara znaci biljojed mesojed svastojed a eticki momenat prehrane psa mesom biljem druga tema,priroda,1
okej svari povrće al video mašu repom vuk genetski najsličniji psu ispravi grešim upadne selo krade zimnicu peglanom paprikom pojede sav kupus bašte prikolje ovcu,priroda,2
pezos presao ljuto trolovanje a obicno btw prvi poceo vredjanjem a majmun milja,priroda,2
 ja verujem postoji kerove hrani veganski kompletno,priroda,1
thilmo vuk genetski najsličniji psu ispravi grešim pobeda,priroda,2
postoje ljudi bombas cak srbiji ljude macke hrane veganski suplementiraju im aminokiselinu macka ljudi rade svasta jebu ovce cudno,priroda,1
 ja pridavao znacaju toj ubedljivoj manjini,priroda,2
zamišljam bohora zelenoj pijaci kratki šorc tankim nogicama gore majca bratele viri tetovaža staford kratkom povocu onako obmotanom ruke cima levo desno mu boh kupuje karfiol artičoku spremi borbu,priroda,2
httpsbpblogspotcomlcbvdhvtudgdwcxuiaaaaaaacpueigncwfcspng,priroda,2
 vratim temu volim kerove pričamo opštem slučaju a pojedinačno zavisi mačke mačke doduše pričamo psima pričamo onim većim kg džumare ovčari haskiji malamuti jaja bravo tilmić vuk pas rođaci,priroda,1
sojo kakvu ishranu ti preporucila najbolju psa pezos zanima misli tom pitanju hocu psa hranim najbolje pitam,priroda,2
 zitarica hrane vrhunske ces kupovno neces uzmi pola pirinac pola meso po obroku nd najbolji tom cenovnom rangu odnos cena kvalitet,priroda,2
prdi lose pirinca osim bolesno nemam problem meso dajem slicno takodje bitno kosta hrana,priroda,1
 probaj nd vidi ce ici hrana jako dobra ce odraditi super posao osetljiva zitarice,priroda,1
 e a macka budi nocu ovom mom objasnim lovi papuce noge ispod pokrivaca slicno osim izbacim sobe radi ,priroda,2
 budi ni top probudi leka carape prekrij noge mrdaj ti ja najbolja pitas odgoj macke ekstremno neodgojena star inace rade nauce mali ruku nogu igranje jako tesko kasnije ispravlja navika,priroda,1
 jedna savetovala macke hranim granulamaimaju kvalitetne granule sadrze macki totako rekao veterinarok macka hrani tim granulama cim hoce jede davati macki ceo zivot granule radi ubitne davao psima mackama meso jedu ocigledno volea rekla jebenih kg prica ishranine nikakav strucnjak nahranio psa mackusamo kuvano meso neslano tomoze granulesalama,priroda,2
 stan boљe macke pekinezeri ti maњi psi držati npr haskija genetski predodređen dnevno prelazi po kilometara po snežurini zatvorenom stanu detati dva puta fazon po pola sata komdiluku besmisleno a licno boљi psi macke ok vikendici imamo nekoliko zajedno komdilukom kul al generalno gledano osim lovљeњe mideva prakticno beskorisne psi inteligentniji lakde istrenira daleko korisniji diroj upotrebi policije vojske lova stocarstva slepih ,priroda,2
 jedno drugo gowno držao stanukući gori čovek kažem ovih po ceo dan kucomaco mojpas znaškakavje pse mačke klinac istina čovek veže jebiga nekog vremena al počne ti utiče život previše ćeš ideš odmor hrana ti uništi po kući šetnju veterinara zajebi oduzme ti previše vremena konstantnu brigu a mu vezao jednom shvatio nemati uopšte opuštenije živi pustim film čitam neću mačka penje glavu ker skače po nogama sere stigne hoću mir svoj al npr fazon ker kućici velikom dvorištu skroz ok priča razumemo mačke ti bleje po bašti a ni nahraniš ok ,priroda,2
kome iznesem stav ril lajfu budem napljuvan obično nemaju argumenata kontriraju osim onih patetičnih stekneš prijatelja ceo život tačnije negde max al ajde dočekuje veselo dođeš posla sl ma daj zajebi tim,priroda,2
sojo videh editovala post meseci macak nadam ce oduciti ce spavati nekoj drugoj sobi zauvek xd,priroda,2
 mlad smirice vremenominace ni psi ni macke stannijedna zivotinja stan,priroda,2
 rece labokv on pubertetu bice mirniji napuni godinu dana druge trebalo postane macka mrzi ceo svet naravno individualno on mlad jako miran,priroda,2
kakav pas stanu smrdi deponija krenem posao ujutru a napolju kijamet nevreme užas a vlasnici pasa podočnjacina šetaju po kaljugama beži štrokav pas udje stan kupaju često pomazio pse komšija ruka smrdela leš išao appteku kupujem asepsol inače ljudi drže pse po stanu dnu higijenske lestvice linja smrdi ceo stan jebenom kurcu pas dvorište,priroda,1
ja pasa veci manji a jednosoban stan dve porodice uopste ni smrada ni odrzava cisti,priroda,1
 bombas laže garsonjeru broj ukućana znao ,priroda,2
ja pasa veci manji a jednosoban stan dve porodice uopste ni smrada ni odrzava cisti znaci pseća porodica љudska cini pezos ti druže kuckar,priroda,2
 pasa stanu au,priroda,2
 hordasenje,priroda,2
karnivorsix,priroda,2
xexe,priroda,2
hahahah l jebete pezosov post odgovarate ozbiljno auu matori kerova kvadrata svaka ćast jebote,priroda,2
 bitkoina ocu kockam ,priroda,1
vlasnici pasa podočnjacina šetaju po kaljugama vlasnici ćuke podočnjacima skeč,priroda,1
pas zatvori ti mačku kuče gepek ostavi vreme otvoriš gepek ti iskreno obradovati pas,priroda,2
zasto radio lol,priroda,1
 drugačije videti ti odaniji volim ja mačke pas pas postoji priča dvoje imali mačku dobili dete zaboravili mačku svu pažnju naravno posvetili detetu mačka valjda osetila zaboravljenom iskoristila priliku izgrebala toj bebi lice pakosti davno beše čuo verujem istinito inače ja beba jahao pit bulla vukao rep čik probajte mačkom,priroda,1
 utisak manje grade igralista decu kereci parkovi roditelji placali igraonice kojih svakih metarana jednomgotovo siguran jedinom igralistu decu bulevaru evrope deca maltene jedna drugima glavi stoje igraju sepored kerecem parku maksimalno kerova kojih malapa moglo reci pas parku puta veci igralista sklopu teretane otvorenom penzosi vezbaju,priroda,1
lol skodilak proveris voli maltretiras subjekte logika nivou xd,priroda,2
a jebajga najlakši način proveriš nakon testa daš subjektima omaste brke zaborave pri prvom zalogaju a godinu mačora spava mačak napolju ja pustim psa dođe ker mačora maše repom njuši a mačak nakostrešio sikće grebe psa po njušci osnovati međunarodni sud izmeđuljubimačke odnose izmeđuljubimačko nasilje a mačke kale bes radoznalim razigranim veselim prijateljski nastrojenim psima dole tiranija mačakasprdam ,priroda,1
zatvori ti mačku kuče gepek ostavi vreme otvoriš gepek ti iskreno obradovati pas lol stari vic ženu psa veze mackama,priroda,2
macke zene slican lazemo lako dure hoce dosta paznje dune ocekuju im placas hranu macka mjauce pola sata kuci ceo dan dodjem gajbi bukvalno smara nisi dosao ranije radio njuska ti zivot ista bivsa riba,priroda,1
 macka mjauce pola sata kuci ceo dan dodjem gajbi bukvalno smara nisi dosao ranije radio njuska ti zivot ista bivsa riba dobila teranje xd,priroda,2
ok usvojio stene meseca staro jazavicar zenka zenski pas pokusava nekoliko puta sati zajase onako musko stisne sapama radi kukovima lize picku stalno napadno inace sterilisana jebeno ajde razume kaze skk desava jezivo ,priroda,2
ker ti transgender,priroda,1
nabavi mudkog kera srediće situacija,priroda,1
bosanci odjebite pokusajima humora pls ozbiljno pitanje,priroda,2
sorry,priroda,1
ja bosanac taman ti,priroda,2
 sterilisao msm ti vet rekao vadio,priroda,1
petar pan pezo a bitno vi mackoljubci imate znanje psima vam uvazava pricate hahah pasa ujelo ajde reci bombasu pomeri trosed pokupi tanka smrdljiva macija mu macka skriva hahahah bombas macka nauci realno govora keruzanju dresirati tacno npr zivotinje glasale velika vecina kerova sns ahahahaha,priroda,1
uzeo sterilisanu ,priroda,2
a brate druzi sterilisanim muzjacima stalno nikada otislo dalje njuskanja dupeta,priroda,1
 kuce gej pedofil,priroda,1
 psihicki poremecaj usled neadekvatnih uslova drzanja ostalo ponasanje ranije imala leglo prilike sansa milion veterinar napravio pametan podvezao jajnike znaci ti pas povecanom riziku svih mogucih tumora sekundarnih primarnih polnih organa ostavio deo jajnika hormonsku stimulaciju kraju krajeva kuja normalne lazne trudnoce samim tim lazna teranja trebalo uradis ultrazvuk l prvi put desava,priroda,2
 dva meseca tri inace okotila sterilizacije rekli l leglo pitas savete inace,priroda,2
hm vidi ti najgori scenariji ja odvela uz cisto proverim podvezao jajovode jeste a napustili praksu opsta katastrofa ostavio deo jajnika uradi msm teranje ispoljava psi pokazuju dominaciju moguce oseca ugrozeno drugog psa kuci hoce izdominira naskakivanjem tome skloniji muzjaci iskljuceno msm svakom slucaju ce jako tesko videti uradjeno zapravo,priroda,1
ker naskace nogu odesecm nogu keru glavu,priroda,2
 sojo,priroda,2
ok usvojio stene meseca staro jazavicar zenka zenski pas pokusava nekoliko puta sati zajase onako musko stisne sapama radi kukovima lize picku stalno napadno inace sterilisana jebeno ajde razume kaze skk desava jezivo veze najcesce seksualnim apetitima pas pokazuje dominaciju uvati ker onako nogu coveka principu odma znas mu covek autoritet mala zenka glavna odnosu muzijaka redovno mu porciju iskara cisto mu jasno gazda,priroda,2
koga briga tvoju dzukelu,priroda,2
nadam pez videcemo,priroda,1
pez raљama surove ženske dominacije,priroda,1
hahahahahhaha xd,priroda,2
mačke nikada neću voleti pse način volim mačke domaće mačke lava najbednijeg uličnog mačeta,priroda,2
mačka stanu stambena zgrada izlazi napolje protiv čuvaju mačke stanu probali odustali iskustvo zanima,priroda,1
ja degua skočio dole terase,priroda,2
viđao im turaju povodac kerovima vode vani hodaju sedeo parku video devojku radi jednom crnom mačku reži sikće nju dođe sasvim pitom kulturan,priroda,1
 zelis nemoj drzati prozor otvoren kip imali iskustva im udave il polome kicmu debili podju nekim pticuhom drzi beskonacne zalihe hrane kraca creva macaka petuj previse preziru ljoobav maksimalno ispostovao jednu macku,priroda,1
kuckari mackari veca ,priroda,1
pas prijatelj mačka parazit prove wrong,priroda,2
brate macka postojace smrdece ostavljace dlake po kuci vremenom ce nauciti sere pesak dremace po ceo dan po foteljama uglovima ljudima disklejmer macke kucama uglavnom bile po dvoristu al ovako izgledalo dvoristu cca ,priroda,1
pas prijatelj mačka parazit ,priroda,1
galantni kosovac kuckari mackari veca kučkari ni blizu,priroda,2
uglavnom im seku kandze stanu postanu previse feral e smeta macki samoj,priroda,1
glavni hobi ljudima ce kulira jednoj osobi krilo mazi prede al jednoj odabranoj ferma ti grebe decu random intervalima,priroda,1
mackari simpovi simpuju mackama macke gledaju robovea psi bratine,priroda,2
kerovi kučkari poganiji,priroda,1
 macke daju mrvice ljubava namestaju glave ceskam dosta spinster cat ladymalene ,priroda,1
macke usamljene babe,priroda,1
selim mackama gerijatriju,priroda,1
 degenerik ćaleta ispred valjda muzičke škole nekog razloga nedavno ker zvani dino dođe mu ker noge polako počeo grize tek probio hlače potuko dinom rekao mislio on šali igra ujeo mu pasti napamet zaradio svoju školu pred školom,priroda,2
kuckari mackari veca kuckari ulici npr krenu doge kila ti mirisu muda ti razmisljas oce ti odgrizu kuckar prica sram nebojsa brini on opasan macka uglavnom boli prolaznike upadljiviji mackari tek im udjes kucu postaju nepodnosljivi,priroda,2
 kom segmentu ti mackari nepodnosljivi trigeruje,priroda,2
kuckari gori neuporedivo,priroda,2
uglavnom trigeruje cca macaka sede po stolu kaucu televizoru wc solji sanku slicno pogled mackara sklonim takodje izadjem izgledam vuki star warsa,priroda,2
pricam ekstremima normalni kuckari obzira kuce ostale ljude normalni mackari jednu macku negde ,priroda,2
kuckari napadaju zubima svojih najdrazih ljubimaca mackari tiho pasivnom agresijom ciljaju nerve,priroda,2
idem ja kroz selo vreme živeo prepun mačaka kerova vladala tišina majmuni glupi mongoloidni nabavili kera opstat zvuka krene laje pridruže majmun stavio kavez odmah pored puta zaobić jebenog kera reksa laje prolazi skače strane stranu kavezu pustili bogzna avetinja uradila nervira neopisivo,priroda,2
gekoni mesta prazno,priroda,2
drugar žena otišli more ostavili mačka zeleni seljački mačak kastriran dosta krupniji mačke obično obilazim hranim dete sela hranio mačke granulama mu sipao gomilu hrane kontam inteligentna životinja znaće mu dosta gladujekakvu slotinu napravio dana ovi prenerazili stigli kući mačak hejter kompleksaš btw mrzi ceo svet al zavoleo banem skoči trlja noge naročito stavili dijetu mu teško palo,priroda,1
kakav konj mačka xd preogroman uzeli francuskog buldoga leši šale httpsscontentfbegfnafbcdnnetvtnjpgstpdstjpgsxnccatccbncsidaencohcfgyohpzlcaxgmhdnchtscontentfbegfnaohadrlymucoortkjmbnwrlkwvekkpljukacbywoee,priroda,2
prelep ,priroda,1
e a znas najgore ar bitno sorte utripuje mu zivotinja dete melkor ekstremno zlonamerno al nekog vremena pricam ja jbt niko spava deteta duze vreme nikako sredi kmeci nocu osoba ar jedno drugo valjda pokaze razume stavec krene pricu spava macka kucka cvili nocu poce jadikuje nauci itditd kulturna osoba rekoh jeste nezgodni a jbt a zatvoris sobu boli b izbacis napolje boli c ubacis auto odvezes negde izbacis napolje produzis ceo svet zajedno tobom boli d eutanazujes ti ide takodje niko ziv trepne opcija ja nemam jbt ok kapiram rokmel,priroda,1
dogs foreve poy mwa httpsscontentfbegfnafbcdnnetvtnjpgnccatccbncsidencohckysmlybbeaxdllbnchtscontentfbegfnaohafclunvrojefkmsqdwnveijvrkgphvgajphggoebef,priroda,2
prelep stalno govore im pokažem mačora,priroda,2
 ekstremno slika tipa trećeg dana poslao im fore radi šatro ok mačak uživa zezamo tek natovio slike nemam nažalost celt ljubimcima ume kockom kafanom krekomnavuku ljudi kompenzuju tim jadnim životinjama nadomešćuju kojekakve nedostatke ljudi takvoj tolikoj depri tih životinja roknuli,priroda,1
btw najdirljivijih generalno najboljih videa postoje y httpswwwyoutubecomwatchvruaeduxavhyabchannelchannelnews,priroda,1
ma kapiram melkor kazes dirao niti jesam jedem unutrasnjem monologu mackare kuckare cisto ilustracija vidis melkorovao,priroda,1
umeju vlasnici pasa mačaka budu pretoksični osporavam,priroda,2
mačke gore kučkari gori ker stanu bolest kutrak dvoriste laje dolazi lov mačka dvorištu lovi miševe pacove životinja daju meso mleko jaja krzno poseduješ životu stan eventuaaaaalno afrički jež preslatki,priroda,2
 dete sig imati fazu želi ljubimca upisaću časove jahanja blizu niša strelište pucamo glinene golubove,priroda,1
afrički jež izguglah crni kul albino kucu,priroda,1
httpsscontentzrhxxfbcdnnetvtnjpgnccatccbncsidefncohcgzedyvtihwaxwyonchtscontentzrhxxohafbxwfstptruhksjbwoipoeffsxomjajzgoemqoeebc crni slatko milo stvorenje dodji cucucucu beli demon,priroda,1
imali drugari ježeve žalili mirišu najlepše imali kućnog psa godina banja njom pošto preinteligentna prevaspitana,priroda,2
dobila mačku čuvanje meseci nazad skockalo prethodnim vlasnikom vlasnicima kućnih ljubimaca definicije užasno nervirali posebno tipovi imali nijednu temu razgovor osim dogodovština svog ljubimčeta uzgred nii mačka ni glupa ni ružna koga briga dalje daveži nerviraju svakome mezimče najpametnije najlepše vreme pretili raznim poklonima rođendan maca kuca lepo im rekla volej ćao,priroda,2
 rasprava,priroda,2
alo beograđani detate macke povocu daљe haahhaha bednici,priroda,2
 zgradi imamo dva mala crna pantera httpsibbcovhxpnn jednim sprijateljio httpsibbcopdcmdr,priroda,2
daj tog ti visak,priroda,1
ma višak mace uživaju zatvoreno dvorište uđe napada a tri ulaza hrane druga mačka nepoverljivica dođe praga prede umiljava uđe zatvorim ostavim hranu hodnik zgrabi beži napolje d dve velike ukupno četri imamo,priroda,1
kakva maca toma xd,priroda,1
